transaction_time,merch,cat_id,amount,name_1,name_2,gender,street,one_city,us_state,post_code,lat,lon,population_city,jobs,merchant_lat,merchant_lon,target
2019-12-27 15:21,fraud_Cormier LLC,health_fitness,148.04,Daniel,Martinez,M,8510 Acevedo Burgs,Kent,OR,97033,45.0838,-120.6649,60,Museum education officer,45.042827,-120.709327,0
2019-04-17 23:09,"fraud_Brown, Homenick and Lesch",health_fitness,39.4,Grace,Williams,F,28812 Charles Mill Apt. 628,Plantersville,AL,36758,32.6176,-86.9475,1412,Drilling engineer,31.872266,-87.828247,0
2019-09-23 15:02,fraud_Ruecker-Mayert,kids_pets,52.96,Kyle,Park,M,7507 Larry Passage Suite 859,Mount Perry,OH,43760,39.8788,-82.188,1831,Barrister's clerk,40.010874,-81.841249,0
2019-05-13 16:00,"fraud_Mante, Luettgen and Hackett",health_fitness,7.66,Monique,Martin,F,68276 Matthew Springs,Ratcliff,TX,75858,31.3833,-95.0619,43,"Engineer, production",30.888406,-95.141609,0
2019-08-18 07:27,fraud_Luettgen PLC,gas_transport,51.59,Christine,Johnson,F,8011 Chapman Tunnel Apt. 568,Blairsden-Graeagle,CA,96103,39.8127,-120.6405,1725,Chartered legal executive (England and Wales),39.376017,-121.311691,0
2019-11-04 23:09,"fraud_Fadel, Mertz and Rippin",entertainment,20.71,Julian,Price,M,086 Pierce Cove,Pikesville,MD,21208,39.3764,-76.729,33917,Company secretary,38.911237,-77.398179,0
2019-10-08 18:55,fraud_Pagac LLC,shopping_pos,7.2,Shelby,Mitchell,F,974 Cindy Stream,Brandon,VT,5733,43.8065,-73.0882,5895,"Scientist, marine",44.77507,-73.938364,0
2019-05-23 12:38,fraud_Botsford and Sons,home,21.84,Lisa,Lowe,F,574 David Locks Suite 207,Cottekill,NY,12419,41.8467,-74.1038,722,Comptroller,42.821613,-73.868873,0
2020-02-24 10:37,"fraud_Johnson, Runolfsdottir and Mayer",misc_net,66.94,Monica,Lane,F,3270 Scott Islands,East Andover,ME,4226,44.6084,-70.6993,190,Animal nutritionist,43.750842,-71.321032,0
2019-09-10 22:04,fraud_Grimes LLC,entertainment,4.52,Jerry,Robinson,M,212 Mary Stream,Arcadia,MI,49613,44.5232,-86.2061,680,"Designer, jewellery",44.191584,-86.157251,0
2019-05-06 13:17,fraud_Botsford PLC,home,113.98,Steven,Johnson,M,7470 John Tunnel Suite 937,Aurora,CO,80014,39.6662,-104.835,389246,"Scientist, marine",39.927588,-104.736107,0
2019-10-24 06:35,"fraud_Casper, Hand and Zulauf",grocery_pos,52.42,Ricky,Dunn,M,97689 Davis Point Apt. 967,Detroit,MI,48214,42.3669,-82.9938,673342,Health visitor,42.963567,-82.118548,0
2019-07-14 19:43,"fraud_Becker, Harris and Harvey",personal_care,54.8,Gloria,Wallace,F,234 Bridges Wells Apt. 389,Center Tuftonboro,NH,3816,43.6849,-71.2551,1368,"Optician, dispensing",44.449231,-70.663027,0
2019-07-22 07:34,fraud_Gerlach Inc,shopping_net,56.25,John,Hudson,M,886 Nicole Key,Stillwater,OK,74074,36.1043,-97.0609,55345,Cabin crew,35.812892,-97.06906,0
2020-03-02 19:18,fraud_Romaguera Ltd,health_fitness,49.88,Patrick,Vaughan,M,651 Miller Common,Parsonsfield,ME,4047,43.745,-70.9092,1892,Audiological scientist,44.198277,-70.197519,0
2019-09-14 19:25,fraud_Abernathy and Sons,food_dining,49.55,Joseph,Davis,M,941 Adam Stravenue,Nazareth,TX,79063,34.5444,-102.1069,686,Petroleum engineer,35.02627,-101.153133,0
2019-11-10 11:00,"fraud_Douglas, Schneider and Turner",shopping_pos,10.24,Christie,Mendoza,F,53142 Katrina Roads Suite 889,Monitor,WA,98836,47.4852,-120.4158,584,Medical technical officer,48.169928,-119.624628,0
2019-04-06 07:57,fraud_Friesen-Stamm,gas_transport,69.22,Jeffery,Brown,M,296 Maria Street,West Eaton,NY,13484,42.8546,-75.6605,176,Science writer,43.661524,-76.36613,0
2019-12-14 14:40,fraud_Block Group,misc_pos,1.66,Lindsay,Wilson,F,7618 Gonzales Mission,Centerview,MO,64019,38.7897,-93.8702,2368,Electronics engineer,39.116849,-93.292255,0
2019-05-26 06:53,fraud_Cormier LLC,shopping_net,1.6,Christopher,Gilbert,M,20937 Reed Lakes Apt. 271,Washington,DC,20012,38.9757,-77.0282,601723,"Optician, dispensing",39.152612,-77.814186,0
2019-03-02 14:25,"fraud_Lang, Towne and Schuppe",kids_pets,38.34,Tanya,Williams,F,566 Megan Well,Brownville,NY,13615,44.0577,-76.0196,1271,"Producer, radio",43.740753,-76.206717,0
2019-08-31 10:39,fraud_Cormier LLC,shopping_net,94.89,Matthew,Huerta,M,622 Williams Trafficway,Ringwood,IL,60072,42.4048,-88.3054,928,Outdoor activities/education manager,41.740717,-89.118815,0
2020-02-15 21:57,fraud_Hoppe-Parisian,kids_pets,48.96,Tyler,Garcia,M,408 Bradley Rest,Doe Hill,VA,24433,38.4207,-79.4629,99,Dance movement psychotherapist,38.779443,-80.247461,0
2019-05-06 06:39,"fraud_Zieme, Bode and Dooley",gas_transport,48.15,Christina,Moore,F,542 Finley Ports Apt. 396,West Finley,PA,15377,39.9914,-80.4408,724,Theme park manager,40.296092,-79.998785,0
2019-02-18 21:37,fraud_Shanahan-Lehner,personal_care,12.49,Jenna,Brooks,F,50872 Alex Plain Suite 088,Baton Rouge,LA,70808,30.4066,-91.1468,378909,"Designer, furniture",29.776475,-91.172957,0
2019-08-17 20:17,fraud_Kassulke Inc,entertainment,79.69,Robert,Long,M,529 Joshua Knoll Apt. 511,Lonetree,WY,82936,41.0552,-110.1603,49,Research scientist (physical sciences),40.101335,-110.409527,0
2019-03-17 09:42,fraud_Kilback LLC,grocery_pos,113.37,Jeremy,Roberson,M,25887 Martin Inlet,Graniteville,VT,5654,44.1554,-72.4847,970,Agricultural consultant,44.629752,-72.884465,0
2019-07-06 18:46,fraud_Heaney-Marquardt,entertainment,14.61,Susan,Shah,F,9016 Jordan Bypass Apt. 516,Cranks,KY,40820,36.7558,-83.1838,581,"Psychologist, counselling",37.371002,-82.776865,0
2019-10-13 20:36,fraud_Kris-Kertzmann,travel,9.58,Scott,Cole,M,646 Louis Fort Apt. 665,North Las Vegas,NV,89084,36.2815,-115.1482,214518,Catering manager,36.200411,-115.472496,0
2019-03-23 07:25,"fraud_Haley, Jewess and Bechtelar",shopping_pos,4.19,Matthew,Young,M,8840 Miller Port Suite 645,Indian Wells,CA,92210,33.7163,-116.3381,4677,Learning mentor,34.322745,-117.297257,0
2019-09-30 13:15,fraud_Kassulke Inc,entertainment,9.81,Tammy,Ayers,F,1652 James Mews,Hinckley,OH,44233,41.2419,-81.7453,7646,Medical sales representative,40.839666,-81.980858,0
2020-01-16 17:52,fraud_Windler LLC,kids_pets,25.81,Mary,Wall,F,2481 Mills Lock,Plainfield,NJ,7060,40.6152,-74.415,71485,Leisure centre manager,41.120254,-75.286816,0
2019-06-14 08:49,fraud_Erdman-Kertzmann,gas_transport,68.27,Eric,Preston,M,7020 Doyle Stream Apt. 951,Mesa,ID,83643,44.6255,-116.4493,129,Cartographer,44.529102,-116.541692,0
2019-09-02 11:21,"fraud_Schaefer, Maggio and Daugherty",gas_transport,52.46,Derek,Bentley,M,782 Lee Crossing Apt. 209,Weeping Water,NE,68463,40.8731,-96.1528,1517,Dealer,41.322293,-95.563276,0
2019-12-23 04:02,fraud_Dooley-Thompson,misc_net,127.49,Kristen,Hanson,F,26544 Andrea Glen,Goodrich,MI,48438,42.9147,-83.4845,6951,Learning disability nurse,43.033455,-83.754857,0
2019-02-07 23:51,"fraud_Kerluke, Kertzmann and Wiza",misc_net,1.62,Ana,Howell,F,4664 Sanchez Common Suite 930,Bradley,SC,29819,34.0326,-82.2027,1523,Research scientist (physical sciences),34.342025,-83.104654,0
2019-12-20 02:53,"fraud_Kuhic, Bins and Pfeffer",shopping_net,5.91,Christopher,Horn,M,956 Sanchez Highway,Mallie,KY,41836,37.2692,-82.9161,798,Facilities manager,37.246671,-83.814767,0
2019-08-09 23:15,fraud_Beier and Sons,home,93.01,William,Jenkins,M,50614 Kevin Point,Harper,TX,78631,30.2816,-99.241,2395,"Pharmacist, community",29.8917,-100.067533,0
2019-10-31 20:54,"fraud_Roberts, Daniel and Macejkovic",kids_pets,31.42,Daniel,Jones,M,290 Kathryn Fall,Huntsville,AL,35803,34.6205,-86.551,190178,"Engineer, automotive",35.177555,-86.332214,0
2019-03-09 14:12,fraud_Howe Ltd,misc_pos,72.53,Monica,Tucker,F,302 Christina Islands,Smiths Grove,KY,42171,37.0581,-86.1938,6841,"Therapist, sports",37.60033,-87.150647,0
2019-08-10 22:03,fraud_Cartwright PLC,kids_pets,52.18,Adam,Mcdonald,M,997 Cameron Meadow Apt. 980,South Hero,VT,5486,44.64,-73.3113,1654,Transport planner,44.128405,-72.389398,0
2019-08-20 06:24,fraud_Huels-Nolan,gas_transport,61.36,Christie,Williamson,F,519 Jerry Views,Avoca,IA,51521,41.4768,-95.3509,2036,Engineering geologist,41.527163,-94.715397,0
2019-05-26 07:18,fraud_Skiles-Ankunding,grocery_net,29.69,Mark,Wood,M,854 Walker Dale Suite 488,Bowdoin,ME,4287,44.0575,-69.9656,3224,"Engineer, electronics",43.637779,-70.93991,0
2020-02-08 21:33,fraud_Pfeffer and Sons,shopping_pos,4.77,Julia,Bell,F,576 House Crossroad,West Sayville,NY,11796,40.732,-73.1,4056,Film/video editor,40.131318,-73.28447,0
2020-02-27 04:49,fraud_Funk Group,grocery_net,44.57,Tyler,Garcia,M,408 Bradley Rest,Doe Hill,VA,24433,38.4207,-79.4629,99,Dance movement psychotherapist,38.528159,-78.998547,0
2019-10-26 07:15,fraud_Kiehn-Emmerich,grocery_pos,123.0,Dale,Smith,M,25036 Contreras Turnpike Suite 270,Purmela,TX,76566,31.4841,-97.9903,258,Web designer,31.111823,-98.945582,0
2019-02-07 17:59,fraud_Schuppe-Schuppe,food_dining,161.14,Frank,Anderson,M,0611 Stafford Valley Suite 504,Naples,FL,34112,26.1184,-81.7361,276002,"Programme researcher, broadcasting/film/video",27.087232,-81.141452,0
2019-06-09 22:31,fraud_Beier and Sons,home,16.7,Lori,Mclean,F,4548 Werner Wells Apt. 441,Mc Clellandtown,PA,15458,39.8882,-79.8694,2379,"Sales professional, IT",40.144122,-79.563139,0
2019-12-28 09:41,fraud_Cartwright-Harris,grocery_pos,116.41,Jeremy,Jones,M,5758 Yates Center,Vinton,CA,96135,40.0235,-120.7986,128,Education administrator,39.945646,-120.384156,0
2019-05-14 11:48,"fraud_Quitzon, Green and Bashirian",shopping_pos,2.47,Robert,James,M,92021 Miranda Meadows,Tamaroa,IL,62888,38.138,-89.2231,2135,"Development worker, community",38.826432,-89.46931,0
2019-04-18 14:23,fraud_Ullrich Ltd,kids_pets,47.54,Adam,Riddle,M,27718 Mason Bypass,Mount Saint Joseph,OH,45051,39.0965,-84.6431,177,Exhibition designer,39.122378,-85.331483,0
2019-06-28 04:23,"fraud_Tromp, Kerluke and Glover",grocery_net,55.54,Joseph,Davis,M,941 Adam Stravenue,Nazareth,TX,79063,34.5444,-102.1069,686,Petroleum engineer,33.627049,-101.652905,0
2019-09-09 17:24,fraud_Kihn Inc,shopping_pos,118.03,Thomas,Cross,M,7566 Thompson Creek Apt. 827,Elkhart,IA,50073,41.8114,-93.4855,1195,Trading standards officer,41.694502,-93.36408,0
2019-07-22 05:00,"fraud_Nitzsche, Kessler and Wolff",shopping_pos,1.18,Sydney,Montoya,F,265 Christian Summit Suite 231,Fairhope,AL,36532,30.5012,-87.8835,27829,"Presenter, broadcasting",31.255777,-88.171622,0
2019-08-09 05:17,fraud_Bernhard Inc,gas_transport,50.54,Cesar,Smith,M,901 Ariel Points,Jefferson,NY,12093,42.4999,-74.6117,1666,Diagnostic radiographer,43.323183,-74.303058,0
2019-05-16 06:56,fraud_Durgan-Auer,misc_net,33.37,Matthew,Young,M,8840 Miller Port Suite 645,Indian Wells,CA,92210,33.7163,-116.3381,4677,Learning mentor,32.857592,-116.683646,0
2019-05-24 17:22,fraud_Hamill-D'Amore,health_fitness,5.88,Shannon,Patterson,F,9808 Ellis Bypass,Mount Morris,NY,14510,42.6835,-77.8664,4895,Acupuncturist,42.180878,-78.585515,0
2019-01-02 10:41,fraud_Kuphal-Bartoletti,misc_net,2.23,Douglas,Willis,M,619 Jeremy Garden Apt. 681,Benton,WI,53803,42.5545,-90.3508,1306,Public relations officer,42.636005,-89.756737,0
2019-04-19 17:31,fraud_Kub-Heaney,health_fitness,4.28,Jamie,Olson,F,3423 Michael Canyon Suite 276,River,KY,41254,37.8795,-82.7251,571,Quarry manager,38.434062,-83.525867,0
2019-06-08 08:43,"fraud_Schroeder, Hauck and Treutel",entertainment,2.61,Jessica,Dominguez,F,06393 Nancy Parkways Suite 855,Gadsden,AL,35903,33.9845,-85.9077,67082,Ceramics designer,34.158761,-86.464242,0
2019-06-18 05:38,"fraud_Goldner, Kovacek and Abbott",grocery_pos,99.16,Frank,Anderson,M,0611 Stafford Valley Suite 504,Naples,FL,34112,26.1184,-81.7361,276002,"Programme researcher, broadcasting/film/video",25.246674,-82.124344,0
2020-02-28 14:41,fraud_Bahringer-Streich,food_dining,31.36,Cassandra,Nunez,F,9572 Austin Forge Suite 612,Clay Center,OH,43408,41.5686,-83.3632,269,Insurance underwriter,40.908741,-83.262332,0
2019-03-17 13:58,fraud_O'Hara-Wilderman,food_dining,50.1,Theresa,Powell,F,117 Natasha Vista Suite 936,Leonard,TX,75452,33.4044,-96.2238,4090,Sub,34.276885,-96.265016,0
2019-08-26 20:29,fraud_Zboncak Ltd,food_dining,43.92,Eddie,Mendez,M,1831 Faith View Suite 653,Clarinda,IA,51632,40.7491,-95.038,7297,IT trainer,40.210209,-95.849424,0
2019-06-17 13:49,fraud_Bins-Howell,personal_care,5.25,Timothy,Gomez,M,707 Anthony Causeway,Leo,IN,46765,41.2249,-85.0301,5341,Biomedical engineer,40.417657,-85.281445,0
2019-10-03 02:55,fraud_Friesen-D'Amore,gas_transport,44.72,Michael,Williams,M,35822 Clayton Street Apt. 679,Great Mills,MD,20634,38.2674,-76.4954,5927,Art therapist,37.704045,-76.948925,0
2019-03-26 04:50,"fraud_Stokes, Christiansen and Sipes",grocery_net,31.91,Krystal,Key,F,23142 Montoya Island Apt. 742,Corsica,PA,15829,41.1762,-79.1976,1274,Maintenance engineer,42.085346,-78.922377,0
2019-09-06 06:18,fraud_Stamm-Witting,shopping_net,7.61,Katelyn,Wise,F,674 Maureen Summit Apt. 276,Scotts Mills,OR,97375,44.9897,-122.6187,1252,"Engineer, petroleum",45.438674,-123.578062,0
2019-08-18 09:46,fraud_Cartwright-Harris,grocery_pos,131.78,Stacy,Lambert,F,85430 Julie Trafficway Suite 792,Mulberry Grove,IL,62262,38.9311,-89.2463,1810,Race relations officer,38.623686,-88.418597,0
2020-01-26 16:38,"fraud_Turcotte, Batz and Buckridge",health_fitness,57.93,Helen,Campbell,F,182 Sergio Summit Apt. 129,Browning,MO,64630,40.029,-93.1607,602,Cytogeneticist,39.601141,-93.379005,0
2019-05-29 17:31,"fraud_Gutmann, McLaughlin and Wiza",home,113.72,Nicholas,Mcmahon,M,2123 Jonathan Falls Suite 753,Heiskell,TN,37754,36.115,-84.0438,4729,"Geologist, wellsite",35.621159,-83.599864,0
2019-11-11 01:16,"fraud_Baumbach, Feeney and Morar",shopping_net,8.55,Meredith,Ayala,F,7107 Henderson Station,Cascade Locks,OR,97014,45.671,-121.8686,1288,Barrister,46.579534,-122.475732,0
2019-12-30 22:49,"fraud_O'Reilly, Mohr and Purdy",home,7.08,Amanda,Fitzgerald,F,298 Kayla Lights,Bristol,PA,19007,40.1159,-74.8536,21125,"Administrator, charities/voluntary organisations",40.089809,-74.327865,0
2019-04-26 22:17,fraud_Williamson LLC,misc_pos,8.92,Amanda,Smith,F,180 Graves Shore,Scotia,SC,29939,32.6786,-81.2455,302,Magazine features editor,32.916716,-81.445234,0
2019-03-23 19:50,"fraud_McDermott, Osinski and Morar",home,34.38,Stephanie,Cummings,F,1025 Robin Square,Ash Flat,AR,72513,36.2201,-91.6421,2856,Hydrologist,36.455959,-90.972853,0
2019-01-27 21:27,fraud_Monahan-Morar,personal_care,162.97,Ashley,Whitney,F,4038 Smith Avenue,Jones,AL,36749,32.5104,-86.8138,1089,Materials engineer,32.507877,-87.776633,0
2019-01-06 20:42,fraud_Connelly PLC,food_dining,8.39,Brian,Williams,M,32941 Krystal Mill Apt. 552,Titusville,FL,32780,28.5697,-80.8191,54767,Set designer,27.947688,-79.995034,0
2019-05-13 14:37,fraud_Jakubowski Group,food_dining,54.28,Stephen,Lopez,M,696 Matthew Ford Suite 157,Olmsted,IL,62970,37.1935,-89.0933,639,Mechanical engineer,37.622809,-89.454871,0
2019-01-03 13:40,fraud_Connelly PLC,food_dining,3.15,Michelle,Gregory,F,6983 Carrillo Isle,Edisto Island,SC,29438,32.5486,-80.307,2408,"Sales professional, IT",32.343826,-80.152261,0
2019-12-16 15:05,fraud_Abbott-Rogahn,entertainment,35.7,Rick,Martinez,M,062 Poole Hollow Apt. 815,Deadwood,SD,57732,44.3566,-103.6999,1979,Multimedia programmer,44.163221,-104.627133,0
2019-12-28 07:46,fraud_Heller-Langosh,gas_transport,46.28,Diane,Smith,F,195 Murray Overpass Apt. 384,Winter,WI,54896,45.8327,-91.0144,1478,Neurosurgeon,45.204439,-90.033685,0
2019-01-22 04:22,"fraud_Rodriguez, Yost and Jenkins",misc_net,53.71,Tanya,Williams,F,566 Megan Well,Brownville,NY,13615,44.0577,-76.0196,1271,"Producer, radio",44.901414,-76.797046,0
2019-04-22 19:53,fraud_Gottlieb Group,kids_pets,35.38,Eric,Preston,M,7020 Doyle Stream Apt. 951,Mesa,ID,83643,44.6255,-116.4493,129,Cartographer,43.878574,-115.716195,0
2019-11-02 22:45,"fraud_Runolfsdottir, Mueller and Hand",entertainment,39.27,David,Rodriguez,M,821 Solis Points,Muskegon,MI,49440,43.2326,-86.2492,128715,Historic buildings inspector/conservation officer,44.230157,-86.579571,0
2020-01-13 19:08,"fraud_Schumm, McLaughlin and Carter",food_dining,4.71,Juan,Sherman,M,5939 Garcia Forges Suite 297,San Antonio,TX,78214,29.3641,-98.4924,1595797,Land,30.127078,-99.138118,0
2019-08-18 13:10,"fraud_Kilback, Nitzsche and Leffler",travel,493.27,Nathan,Byrd,M,155 Gregory Mount Suite 791,Red Cliff,CO,81649,39.4584,-106.3851,277,Human resources officer,39.796419,-105.789164,0
2019-12-02 10:23,fraud_Lynch Ltd,shopping_pos,5.81,Erika,Mason,F,083 Karen Island Apt. 656,Goreville,IL,62939,37.575,-88.9655,3119,"Teacher, secondary school",38.222628,-89.141508,0
2019-05-21 05:07,fraud_Christiansen-Gusikowski,misc_pos,37.02,James,Lynch,M,5155 Mary Common Apt. 927,Utica,PA,16362,41.4798,-79.9403,1102,Garment/textile technologist,41.980397,-80.892505,0
2019-08-26 11:54,"fraud_Mosciski, Gislason and Mertz",grocery_pos,52.33,Richard,Vance,M,169 Shelia Knoll Suite 753,Zavalla,TX,75980,31.1569,-94.3871,2836,"Designer, jewellery",31.940758,-94.077882,0
2019-10-23 07:03,fraud_McCullough Group,grocery_net,53.19,Steven,Yoder,M,94975 David Mews Apt. 316,Summerfield,TX,79085,34.7437,-102.5064,53,Fisheries officer,34.792864,-102.262492,0
2019-10-04 10:50,"fraud_Ferry, Reichel and DuBuque",grocery_net,37.39,Karen,Ryan,F,82468 Michelle Village Suite 556,Joliet,IL,60432,41.5378,-88.0572,128354,"Teacher, secondary school",41.14107,-87.845219,0
2019-11-29 09:07,fraud_Cole PLC,grocery_pos,130.88,Daniel,Martinez,M,8510 Acevedo Burgs,Kent,OR,97033,45.0838,-120.6649,60,Museum education officer,44.672945,-120.737741,0
2020-02-06 03:06,fraud_Kilback LLC,grocery_pos,107.04,Kathleen,Thompson,F,199 Patterson Fords Apt. 132,Naples,FL,34112,26.1184,-81.7361,276002,"Pilot, airline",25.267995,-82.163109,0
2019-12-21 23:01,fraud_Gleason-Macejkovic,shopping_net,93.83,Jodi,Rodriguez,F,5796 Lee Coves Apt. 286,Walnut Ridge,AR,72476,36.0244,-90.9288,7155,"Engineer, control and instrumentation",35.91623,-90.816328,0
2020-03-07 16:55,fraud_Hammes-Beatty,kids_pets,35.27,Ashley,Cabrera,F,94225 Smith Springs Apt. 617,Vero Beach,FL,32960,27.633,-80.4031,105638,"Librarian, public",27.457029,-80.684159,0
2019-04-25 07:30,fraud_Stoltenberg-Beatty,shopping_pos,4.35,Gary,Hall,M,69085 Short Shores,Allentown,NY,14707,42.0737,-78.0594,239,Radio producer,42.5127,-78.358029,0
2020-01-06 02:50,"fraud_Reichert, Huels and Hoppe",shopping_net,3.45,Christopher,Castaneda,M,1632 Cohen Drive Suite 639,High Rolls Mountain Park,NM,88325,32.9396,-105.8189,899,Naval architect,32.201997,-105.737125,0
2019-06-20 22:18,fraud_Boyer PLC,misc_pos,6.01,Emily,Hall,F,8851 Reese Neck,Basye,VA,22810,38.8089,-78.7776,863,"Engineer, mining",38.047286,-78.828387,0
2019-12-04 23:07,"fraud_Hahn, Douglas and Schowalter",travel,3.54,Gerald,Frank,M,95793 Andrea Ville Suite 533,Des Moines,IA,50314,41.603,-93.633,222785,Interior and spatial designer,42.404741,-93.127613,0
2019-04-24 19:42,fraud_Gottlieb-Hansen,personal_care,90.59,Mary,Mcintyre,F,77921 Costa Villages,Eugene,OR,97403,44.0385,-123.0614,191096,"Scientist, physiological",44.246318,-123.675462,0
2019-07-07 12:00,fraud_Kilback and Sons,entertainment,113.31,April,Johnson,F,9727 Deleon Mountain,Creedmoor,NC,27522,36.1124,-78.6476,12335,Chief Strategy Officer,35.526828,-78.387859,0
2019-12-30 19:15,"fraud_Klocko, Runolfsdottir and Breitenberg",health_fitness,95.95,Terri,Bailey,F,508 Erin Mount,Daly City,CA,94015,37.6787,-122.478,107941,"Buyer, industrial",37.102095,-122.677352,0
2019-03-09 13:30,fraud_Kris-Padberg,shopping_pos,120.2,Christopher,Sheppard,M,39218 Baker Shoals,Bristow,IN,47515,38.1981,-86.6821,965,Horticultural therapist,38.708958,-86.53365,0
2019-09-04 15:17,fraud_Greenholt Ltd,health_fitness,8.77,Bryce,Joseph,M,148 Baker Field,Chester Heights,PA,19017,39.8839,-75.4669,348,Management consultant,40.123144,-75.238814,0
2019-03-25 23:56,fraud_O'Connell-Ullrich,home,79.79,Xavier,Beltran,M,61107 Edwards Dam Apt. 463,Big Creek,KY,40914,37.1046,-83.5706,467,"Psychologist, forensic",37.532637,-83.177386,0
2019-08-24 14:07,fraud_Feil-Morar,health_fitness,5.15,Michael,Rowe,M,7428 Martinez Flats,Melbourne,FL,32935,28.1384,-80.6524,139650,Database administrator,29.110483,-80.004061,0
2019-07-23 05:46,"fraud_Lakin, Ferry and Beatty",food_dining,10.41,Bianca,Scott,F,9588 Cox Rapid Apt. 257,Atglen,PA,19310,39.9458,-75.9703,3066,Product manager,39.274122,-76.623721,0
2020-02-03 20:25,fraud_Beier LLC,entertainment,9.2,Dale,Smith,M,25036 Contreras Turnpike Suite 270,Purmela,TX,76566,31.4841,-97.9903,258,Web designer,32.283788,-98.393558,0
2020-02-15 21:18,fraud_Bednar PLC,kids_pets,87.37,Rita,Myers,F,75703 Hernandez Corner Suite 348,Tampa,FL,33620,28.06,-82.4079,717255,Waste management officer,28.774297,-83.211879,0
2019-08-11 14:59,fraud_Medhurst Inc,home,50.15,Alicia,Morales,F,4456 Dunn Roads,Meredith,CO,81642,39.3199,-106.6596,61,Public relations account executive,39.323598,-107.547252,0
2019-10-16 16:21,"fraud_McDermott, Osinski and Morar",home,17.24,Randall,Burgess,M,393 Carroll Route Suite 197,Norman Park,GA,31771,31.2462,-83.6549,5666,Rural practice surveyor,32.129323,-83.418052,0
2019-06-19 20:12,fraud_Spencer PLC,entertainment,29.06,Sarah,Bell,F,6963 Russell Causeway Suite 231,Galatia,IL,62935,37.8274,-88.6235,1943,"Restaurant manager, fast food",37.45529,-87.643848,0
2019-03-12 16:15,fraud_Stark-Koss,home,6.46,Jennifer,Conner,F,4655 David Island,Dublin,PA,18917,40.375,-75.2045,2158,Transport planner,39.76473,-75.443959,0
2019-03-18 11:47,"fraud_Baumbach, Hodkiewicz and Walsh",shopping_pos,2.35,Christopher,Gilbert,M,20937 Reed Lakes Apt. 271,Washington,DC,20012,38.9757,-77.0282,601723,"Optician, dispensing",38.460326,-76.944116,0
2019-01-07 05:58,fraud_Rempel PLC,grocery_net,98.7,Joseph,Morgan,M,126 Underwood Drive,San Diego,CA,92128,33.0067,-117.069,1241364,Chartered public finance accountant,32.623506,-116.428153,0
2019-08-17 12:51,fraud_Jast-McDermott,shopping_pos,3.08,Kathryn,Smith,F,19838 Tonya Prairie Apt. 947,Rocky Mount,MO,65072,38.2911,-92.7059,1847,Tax inspector,37.330421,-92.720809,0
2019-08-05 12:11,fraud_Cartwright PLC,kids_pets,26.83,Susan,Hernandez,F,2193 Osborne Run Apt. 789,Moro,IL,62067,38.9318,-89.9618,2401,"Buyer, industrial",38.543568,-89.785992,0
2019-12-28 08:21,fraud_Beier-Hyatt,shopping_pos,1.53,Adam,Kirk,M,40847 Stark Junctions,Big Indian,NY,12410,42.074,-74.453,397,Psychiatrist,41.303543,-74.729126,0
2019-07-07 21:19,fraud_Zboncak LLC,food_dining,24.56,Cristian,Jones,M,0423 Kirby Field Suite 623,Wilmette,IL,60091,42.0765,-87.7246,27020,Trade mark attorney,41.156885,-87.916337,0
2019-04-02 09:53,fraud_Cummings LLC,gas_transport,49.81,Scott,Edwards,M,838 Amy Street Suite 107,Pembroke,NC,28372,34.6902,-79.1834,14783,Hospital doctor,35.076057,-78.691138,0
2019-08-18 22:59,"fraud_Mueller, Gerhold and Mueller",health_fitness,54.66,Theresa,Blackwell,F,43576 Kristina Islands,Shenandoah Junction,WV,25442,39.3716,-77.8229,1925,Systems developer,39.331394,-77.13153,0
2019-05-01 09:38,fraud_Dach-Borer,grocery_net,78.49,Steven,Walters,M,3206 Hall Divide Suite 282,Woodville,AL,35776,34.6689,-86.2296,3395,"Editor, commissioning",35.635427,-86.411275,0
2019-05-05 01:38,"fraud_Christiansen, Goyette and Schamberger",gas_transport,40.48,Gary,Martinez,M,03512 Jackson Ports,Reno,NV,89512,39.5483,-119.7957,276896,Immunologist,39.295569,-118.967043,0
2019-06-21 04:18,"fraud_Bernier, Streich and Jewess",grocery_net,86.3,Tyler,Mills,M,7838 Jason Squares,Elizabethtown,KY,42701,37.6848,-85.8784,48194,Surgeon,38.536373,-86.20865,0
2020-02-25 23:26,fraud_Lynch Ltd,shopping_pos,1.14,Michael,Johnson,M,094 Owens Underpass,Norwalk,CA,90650,33.9056,-118.0818,105549,Firefighter,32.993472,-118.728893,0
2019-11-06 06:37,fraud_Bradtke PLC,grocery_pos,246.64,Kelsey,Richards,F,889 Sarah Station Suite 624,Holcomb,KS,67851,37.9931,-100.9893,2691,Arboriculturist,37.994608,-100.513104,0
2019-02-18 21:50,"fraud_Baumbach, Hodkiewicz and Walsh",shopping_pos,1.87,Brandy,Quinn,F,9734 Beard Fields Suite 885,Altair,TX,77412,29.6047,-96.5249,106,"Editor, film/video",30.108333,-97.004801,0
2019-08-29 06:35,fraud_Block Group,misc_pos,270.45,Patrick,Torres,M,27386 Snyder Station,Oxford,MI,48371,42.8223,-83.2829,24840,Agricultural consultant,41.937474,-84.159079,0
2020-02-23 08:00,fraud_Kling Inc,gas_transport,35.18,Keith,Sanders,M,8030 Beck Motorway,Moorhead,MS,38761,33.4783,-90.5142,2870,Chartered public finance accountant,33.489991,-89.651784,0
2019-11-26 15:02,fraud_Shanahan-Lehner,personal_care,22.05,Kathryn,Smith,F,19838 Tonya Prairie Apt. 947,Rocky Mount,MO,65072,38.2911,-92.7059,1847,Tax inspector,37.970864,-92.514658,0
2019-05-16 04:31,"fraud_Rowe, Batz and Goodwin",grocery_pos,152.28,Valerie,Clark,F,7402 West Ranch,Lowell,OR,97452,43.921,-122.7806,1420,Systems analyst,43.480208,-122.568865,0
2019-02-25 19:03,fraud_Reichel LLC,personal_care,93.48,Natalie,Watson,F,386 James Roads Apt. 233,Los Angeles,CA,90014,34.0443,-118.2509,2383912,"Journalist, newspaper",34.691493,-117.786178,0
2019-12-07 09:34,fraud_Dooley Inc,shopping_pos,142.73,Christopher,Rodgers,M,30587 Fox Shores Apt. 627,Fenelton,PA,16034,40.8555,-79.7372,2054,Communications engineer,40.607972,-79.290443,0
2019-12-08 18:05,fraud_Gaylord-Powlowski,home,82.53,Kristina,Stewart,F,47029 Jimmy Tunnel Apt. 106,Newhall,CA,91321,34.3795,-118.523,34882,Health physicist,33.408602,-118.970386,0
2019-05-13 18:25,fraud_Veum-Koelpin,travel,2.14,Carlos,Chung,M,8957 Russell Key,Grant,AL,35747,34.4959,-86.259,5901,Curator,34.402887,-86.471199,0
2019-07-02 01:59,fraud_Collier Inc,grocery_net,50.5,Benjamin,Rogers,M,24191 Elizabeth Mill,Bolivar,PA,15923,40.3673,-79.1605,1770,"Administrator, local government",40.234559,-79.686697,0
2020-02-26 22:53,fraud_Treutel-King,travel,6.58,Daniel,Jones,M,290 Kathryn Fall,Huntsville,AL,35803,34.6205,-86.551,190178,"Engineer, automotive",35.159895,-86.905784,0
2019-11-24 12:20,"fraud_Medhurst, Cartwright and Ebert",personal_care,39.65,Mark,Wood,M,854 Walker Dale Suite 488,Bowdoin,ME,4287,44.0575,-69.9656,3224,"Engineer, electronics",45.026588,-70.732125,0
2019-01-27 18:55,fraud_Botsford PLC,home,48.4,Gabriella,Jordan,F,1299 Joshua Plains,Howes Cave,NY,12092,42.7045,-74.3648,1304,Jewellery designer,42.231778,-75.267221,0
2020-03-10 05:07,fraud_Zemlak Group,misc_net,45.84,Melissa,Meza,F,244 Abbott Parkway,Loxahatchee,FL,33470,26.7383,-80.276,26551,Paramedic,26.587587,-80.54499,0
2019-08-16 20:22,fraud_Bahringer-Streich,food_dining,5.99,Lisa,Collins,F,44197 Jeffrey Port Suite 050,Bridgeport,NJ,8014,39.8016,-75.3478,504,"Engineer, control and instrumentation",40.25631,-74.46696,0
2019-04-11 01:20,fraud_Auer-Mosciski,grocery_pos,55.51,Justin,Bell,M,954 Green Wall,Churubusco,IN,46723,41.229,-85.3244,7692,"Research officer, trade union",41.687443,-85.506327,0
2019-08-20 08:02,fraud_Luettgen PLC,gas_transport,52.8,Breanna,Rodriguez,F,118 Cabrera Springs Apt. 105,Lanark Village,FL,32323,29.8826,-84.5964,217,Television production assistant,30.015673,-85.188621,0
2019-10-06 23:37,"fraud_Nienow, Ankunding and Collier",misc_pos,3.42,Danielle,Yu,F,5395 Colon Burgs Suite 037,Thrall,TX,76578,30.592,-97.2893,1766,Press sub,31.19244,-97.616663,0
2019-12-27 02:37,fraud_Mohr Inc,shopping_pos,4.3,Erika,Mason,F,083 Karen Island Apt. 656,Goreville,IL,62939,37.575,-88.9655,3119,"Teacher, secondary school",37.891426,-89.781233,0
2019-08-29 03:48,fraud_McKenzie-Huels,food_dining,31.39,Jennifer,Jones,F,5572 Kelly Plains Apt. 952,Waupaca,WI,54981,44.3481,-89.1101,15426,"Engineer, civil (contracting)",45.129702,-88.474224,0
2019-08-02 19:20,fraud_Berge-Ullrich,home,84.51,Christopher,Patterson,M,16744 Campbell Wall Apt. 372,Timberville,VA,22853,38.6476,-78.7717,4367,Waste management officer,37.803053,-79.374944,0
2019-11-20 19:47,"fraud_McCullough, Hudson and Schuster",food_dining,38.71,Kimberly,Rice,F,63991 Destiny Rue Apt. 651,Tyler,TX,75703,32.2768,-95.3031,144160,Sports development officer,33.042182,-95.105874,0
2019-08-14 13:55,fraud_Ernser-Lynch,food_dining,55.52,Stanley,Mayo,M,3433 Jones Branch,Fiddletown,CA,95629,38.5234,-120.6763,832,Immigration officer,37.722816,-120.128375,0
2019-10-15 14:32,fraud_Kilback LLC,food_dining,13.26,Curtis,Young,M,4319 Watson Shoals Suite 658,Falconer,NY,14733,42.1239,-79.1895,3833,Metallurgist,42.036669,-79.444032,0
2019-12-29 16:34,fraud_Pacocha-Weissnat,kids_pets,8.4,Cassandra,Nunez,F,9572 Austin Forge Suite 612,Clay Center,OH,43408,41.5686,-83.3632,269,Insurance underwriter,41.919562,-83.486506,0
2020-01-30 19:29,fraud_Cartwright PLC,kids_pets,39.7,Chris,White,M,98897 Bennett Lodge,Bessemer,AL,35022,33.3224,-86.9657,71463,Radio broadcast assistant,32.392848,-87.8538,0
2019-05-05 02:52,fraud_Miller-Hauck,grocery_pos,80.08,Larry,Williams,M,6274 David Oval Suite 725,Scarborough,ME,4074,43.5835,-70.3457,18760,Make,44.325883,-71.167313,0
2019-11-29 17:48,fraud_Stark-Koss,home,1.37,Sherry,Martinez,F,144 Yu Locks Apt. 754,Garrattsville,NY,13342,42.6315,-75.1866,165,Naval architect,42.165744,-74.361424,0
2020-03-06 23:10,fraud_Harris Group,food_dining,26.69,Danielle,Walker,F,9824 Mitchell Run,Powell Butte,OR,97753,44.2415,-121.0113,2016,Local government officer,44.639027,-121.332453,0
2019-09-17 01:55,fraud_Friesen-Stamm,gas_transport,68.41,Denise,Barnett,F,23220 Eaton Harbors,Kirby,OH,43330,40.813,-83.4196,118,Private music teacher,40.83557,-84.27815,0
2019-06-29 11:35,fraud_Marks Inc,gas_transport,96.78,Derrick,Flores,M,83690 Nicholas Ports Apt. 846,Oakland,TN,38060,35.2229,-89.5518,9496,Furniture conservator/restorer,34.589665,-90.459603,0
2019-04-22 01:39,fraud_Gibson-Deckow,entertainment,79.57,Christopher,Patterson,M,16744 Campbell Wall Apt. 372,Timberville,VA,22853,38.6476,-78.7717,4367,Waste management officer,39.571601,-78.126827,0
2019-03-14 22:10,fraud_Lubowitz-Walter,kids_pets,41.7,John,Miller,M,153 Mccullough Springs Apt. 857,Lamberton,MN,56152,44.2378,-95.2739,1507,Land/geomatics surveyor,44.054184,-96.180657,0
2019-07-21 02:27,"fraud_Stokes, Christiansen and Sipes",grocery_net,55.24,Beth,Lambert,F,6447 Johnson Estates Apt. 986,Roosevelt,OK,73564,34.847,-98.9836,551,Amenity horticulturist,35.387424,-98.890672,0
2020-02-17 19:00,fraud_White and Sons,home,19.7,Amanda,Williams,F,02018 Gary Key Apt. 911,Independence,MO,64058,39.1412,-94.3515,123373,"Engineer, production",39.16171,-94.268034,0
2019-04-28 07:23,fraud_Dach-Borer,grocery_net,63.98,Paula,Estrada,F,350 Stacy Glens,Spencer,SD,57374,43.7557,-97.5936,343,"Development worker, international aid",43.400295,-96.818768,0
2019-05-12 04:34,fraud_VonRueden Group,grocery_net,44.15,Jennifer,Bishop,F,589 Matthew Brooks,Houston,TX,77026,29.7972,-95.3288,2906700,Animator,28.941509,-94.729202,0
2019-11-30 00:43,"fraud_Feil, Hilpert and Koss",food_dining,20.84,Melanie,Jimenez,F,77944 Daniels Valley Suite 921,Camden,NY,13316,43.3392,-75.7543,6460,Building control surveyor,43.73559,-74.896882,0
2019-09-30 17:24,fraud_Beier and Sons,home,74.1,Teresa,Clark,F,1323 Derek Mission,Noonan,ND,58765,48.8856,-103.0098,248,Industrial/product designer,49.813982,-102.649653,0
2019-06-07 17:33,"fraud_Kling, Howe and Schneider",home,25.89,Ashley,Whitney,F,4038 Smith Avenue,Jones,AL,36749,32.5104,-86.8138,1089,Materials engineer,31.545825,-85.97014,0
2019-08-08 19:21,fraud_Sawayn PLC,shopping_pos,7.15,Ana,Howell,F,4664 Sanchez Common Suite 930,Bradley,SC,29819,34.0326,-82.2027,1523,Research scientist (physical sciences),33.876097,-82.434421,0
2019-07-07 20:31,fraud_Lynch-Wisozk,home,9.23,Janet,Carpenter,F,9870 Collins Flat,Laramie,WY,82072,41.4247,-105.4781,35371,"Pilot, airline",40.589588,-106.041928,0
2019-12-14 02:30,"fraud_Goyette, Howell and Collier",shopping_pos,5.14,Brianna,Wilson,F,257 Victor Stravenue,Hampton,VA,23666,37.0462,-76.4096,136895,Accounting technician,37.044286,-77.382512,0
2019-10-14 22:30,fraud_Denesik and Sons,shopping_pos,6.98,Ana,Howell,F,4664 Sanchez Common Suite 930,Bradley,SC,29819,34.0326,-82.2027,1523,Research scientist (physical sciences),34.979034,-81.220484,0
2020-03-02 13:52,fraud_Goyette-Herzog,travel,9.85,Joseph,Wagner,M,822 Austin Spur,North Judson,IN,46366,41.2244,-86.6966,5791,"Doctor, general practice",40.631298,-87.558157,0
2019-12-22 16:08,fraud_Miller-Harris,misc_net,1.08,Monica,Tucker,F,302 Christina Islands,Smiths Grove,KY,42171,37.0581,-86.1938,6841,"Therapist, sports",36.515812,-86.349309,0
2019-06-25 14:17,fraud_Cormier LLC,health_fitness,11.65,Teresa,Stein,F,2838 White Fields Apt. 473,Brunson,SC,29911,32.9413,-81.1807,1725,Social researcher,32.240878,-82.163059,0
2019-06-10 21:53,fraud_Larkin Ltd,kids_pets,49.8,Stacy,Lambert,F,85430 Julie Trafficway Suite 792,Mulberry Grove,IL,62262,38.9311,-89.2463,1810,Race relations officer,39.811427,-89.481959,0
2019-08-14 21:47,fraud_Wilkinson LLC,personal_care,27.88,Monica,Cohen,F,864 Reynolds Plains,Uledi,PA,15484,39.8936,-79.7856,328,Tree surgeon,40.311826,-79.118942,0
2019-12-09 09:39,"fraud_Schaefer, McGlynn and Bosco",gas_transport,29.68,Sherry,Martinez,F,144 Yu Locks Apt. 754,Garrattsville,NY,13342,42.6315,-75.1866,165,Naval architect,43.213369,-76.05285,0
2019-05-16 19:35,fraud_Erdman-Ebert,personal_care,80.89,Jeffrey,Lewis,M,24255 Bryan Square,Palermo,ND,58769,48.3396,-102.24,229,Administrator,49.263065,-102.196814,0
2019-12-12 15:35,fraud_Wuckert-Goldner,home,65.77,Tyler,Wright,M,615 Clarke Spring Apt. 172,Warren,MI,48088,42.5164,-82.9832,134056,"Doctor, hospital",41.879522,-82.587178,0
2019-04-21 17:01,fraud_Mosciski Group,travel,7.83,Cassandra,Sanders,F,78117 George Mountains,Paauilo,HI,96776,20.0271,-155.3697,1490,"Scientist, research (maths)",20.161303,-155.11009,0
2019-03-28 23:34,fraud_Kuhn LLC,shopping_pos,195.2,Rachel,Lowe,F,372 Jeffrey Course,Sutherland,NE,69165,41.1558,-101.136,1789,Insurance broker,41.885145,-101.871541,0
2019-01-10 21:47,fraud_Feil-Morar,health_fitness,73.33,Lance,Wagner,M,6003 Brady Shoal Apt. 449,Irwinton,GA,31042,32.8088,-83.174,1841,Film/video editor,33.111986,-82.466433,0
2019-12-16 13:18,"fraud_Streich, Rolfson and Wilderman",kids_pets,39.98,Stanley,Mayo,M,3433 Jones Branch,Fiddletown,CA,95629,38.5234,-120.6763,832,Immigration officer,38.606093,-121.221945,0
2020-02-06 04:53,fraud_Rowe-Vandervort,grocery_net,38.43,Kristen,Hanson,F,26544 Andrea Glen,Goodrich,MI,48438,42.9147,-83.4845,6951,Learning disability nurse,41.925733,-82.809434,0
2019-01-08 20:55,fraud_Veum-Koelpin,travel,5.34,Monica,Lane,F,3270 Scott Islands,East Andover,ME,4226,44.6084,-70.6993,190,Animal nutritionist,44.047684,-69.867109,0
2019-08-05 21:01,fraud_Klein Group,entertainment,103.81,John,Davis,M,9670 Monroe Junctions,Rockwood,PA,15557,39.9373,-79.1865,3684,General practice doctor,39.215303,-79.08989,0
2019-09-14 21:44,"fraud_Turcotte, McKenzie and Koss",entertainment,15.0,Robert,Ashley,M,1250 Christopher Prairie Suite 016,Port Costa,CA,94569,38.046,-122.1866,198,Armed forces training and education officer,37.793267,-122.488625,0
2019-05-27 19:59,fraud_Champlin and Sons,home,9.99,Renee,Parrish,F,174 Jennifer Meadow Apt. 467,Mountain Park,OK,73559,34.7032,-98.9591,540,Research scientist (life sciences),34.060678,-99.42622,0
2019-02-24 13:52,fraud_Bashirian Group,shopping_net,8.29,Sharon,Johnson,F,7202 Jeffrey Mills,Conway,WA,98238,48.34,-122.3456,85,"Research officer, political party",48.159346,-123.177845,0
2019-12-16 18:01,fraud_Leannon-Ward,food_dining,70.03,Zachary,Allen,M,69252 Oconnor Alley Apt. 153,Ollie,IA,52576,41.2001,-92.1354,568,Commercial horticulturist,40.259224,-91.901906,0
2019-05-31 07:33,fraud_Balistreri-Nader,misc_pos,37.65,Matthew,Myers,M,4936 Michelle Points,Tower Hill,IL,62571,39.39,-88.9597,1532,Radio broadcast assistant,39.355512,-88.280725,0
2019-08-11 20:15,"fraud_Greenholt, O'Hara and Balistreri",shopping_net,9.09,James,Baldwin,M,3603 Mitchell Court,Winfield,WV,25213,38.5072,-81.89,5512,Exhibition designer,37.825323,-81.803212,0
2019-12-08 03:22,"fraud_Casper, Hand and Zulauf",grocery_pos,93.67,Hayden,Sanders,M,8465 Reed Green Suite 559,Montandon,PA,17850,40.9661,-76.8575,645,Orthoptist,41.473351,-75.861599,0
2020-03-08 18:23,fraud_Waelchi-Wolf,kids_pets,55.98,William,Skinner,M,524 Wu Spurs Suite 894,Mount Hope,AL,35651,34.4793,-87.4769,1312,"Librarian, academic",33.714913,-86.871545,0
2019-04-05 14:06,fraud_Bahringer Group,health_fitness,73.45,Omar,Gay,M,2161 Blankenship Freeway,West Hartford,VT,5084,43.7185,-72.4439,140,"Development worker, community",43.59284,-71.673033,0
2019-05-24 19:37,fraud_Conroy Ltd,shopping_pos,27.99,Christopher,Luna,M,242 Brian Mountain,Laredo,TX,78040,27.5155,-99.4986,248858,Video editor,27.112413,-99.360325,0
2019-11-12 23:31,fraud_Fahey Inc,kids_pets,61.03,John,Chandler,M,88325 Brandon Greens Apt. 477,Detroit,MI,48202,42.377,-83.0796,673342,Broadcast presenter,42.166632,-83.838185,0
2019-12-12 12:29,fraud_Ernser-Feest,home,91.17,John,Peters,M,555 Michael Burgs,Mayersville,MS,39113,32.9013,-91.0286,595,Technical brewer,33.276194,-91.701445,0
2019-04-20 12:05,fraud_Kessler Group,travel,7.91,Amanda,Jones,F,7320 Jennifer Forges,Queenstown,MD,21658,39.0026,-76.1424,3862,Maintenance engineer,39.663803,-76.805586,0
2019-01-02 00:31,fraud_Runolfsson and Sons,grocery_net,48.3,Megan,Murphy,F,53696 Laura Radial,Holstein,NE,68950,40.4542,-98.6538,331,Telecommunications researcher,41.272674,-99.044904,0
2019-01-20 04:24,fraud_McGlynn-Jaskolski,misc_pos,9.93,Brooke,Smith,F,63542 Luna Brook Apt. 012,Notrees,TX,79759,31.8599,-102.7413,23,Cytogeneticist,31.618192,-102.385347,0
2019-10-25 18:11,fraud_Collier LLC,home,81.61,Charles,Moreno,M,838 Franklin Prairie Apt. 902,Key West,FL,33040,24.6557,-81.3824,32891,Town planner,23.888955,-81.593544,0
2019-07-29 01:16,"fraud_Moen, Reinger and Murphy",grocery_pos,109.71,Ryan,Joseph,M,8850 Jessica Center,Atlantic,VA,23303,37.9073,-75.5089,741,"Geologist, engineering",37.437471,-75.828036,0
2019-12-15 07:36,fraud_Block-Parisian,misc_net,2.18,Daniel,Escobar,M,61390 Hayes Port,Romulus,MI,48174,42.2203,-83.3583,31515,Police officer,43.160198,-83.58642,0
2019-08-10 03:28,fraud_Koss and Sons,gas_transport,73.66,Kathleen,Thompson,F,199 Patterson Fords Apt. 132,Naples,FL,34112,26.1184,-81.7361,276002,"Pilot, airline",25.718053,-80.780101,0
2019-12-15 18:16,"fraud_Hermiston, Pacocha and Smith",health_fitness,14.81,Justin,Fowler,M,5569 Phillips Neck Apt. 003,Coffeeville,MS,38922,33.9215,-89.6782,3451,Financial trader,33.349221,-89.548407,0
2019-07-10 03:55,fraud_Bogisich Inc,grocery_pos,114.62,Tyler,Garcia,M,408 Bradley Rest,Doe Hill,VA,24433,38.4207,-79.4629,99,Dance movement psychotherapist,38.147316,-80.265263,0
2019-06-19 15:06,fraud_Dietrich-Fadel,health_fitness,13.43,Sara,Ramirez,F,23843 Scott Island,Birmingham,IA,52535,40.8626,-91.9534,888,Camera operator,41.399555,-92.168193,0
2019-05-04 01:08,"fraud_Willms, Kris and Bergnaum",shopping_pos,127.07,John,Vega,M,4483 Sharp Ferry Apt. 468,Garfield,KS,67529,38.0649,-99.2374,365,Equality and diversity officer,37.912341,-98.886756,0
2019-07-24 12:35,fraud_Schulist Ltd,food_dining,1.48,Melvin,Wright,M,210 Dean Causeway Suite 130,Alton,IA,51003,42.9782,-96.0173,1700,"Engineer, land",43.437346,-96.356123,0
2019-12-14 15:36,fraud_Hoppe-Parisian,kids_pets,94.77,Joshua,Bryant,M,5452 Patricia Inlet Apt. 280,Nelson,NE,68961,40.201,-98.0684,732,Television/film/video producer,39.905046,-97.767626,0
2019-01-28 23:18,"fraud_Medhurst, Cartwright and Ebert",personal_care,78.4,Jason,Murphy,M,542 Steve Curve Suite 011,Collettsville,NC,28611,35.9946,-81.7266,885,Soil scientist,35.518462,-81.217092,0
2019-06-05 23:21,fraud_Hickle Group,shopping_pos,3.1,Renee,Parrish,F,174 Jennifer Meadow Apt. 467,Mountain Park,OK,73559,34.7032,-98.9591,540,Research scientist (life sciences),34.664668,-98.295697,0
2020-02-01 20:38,fraud_Kirlin and Sons,personal_care,98.46,Steven,Brooks,M,2622 Reynolds Isle,Manley,NE,68403,40.9207,-96.168,206,Human resources officer,40.010978,-96.999033,0
2019-09-08 02:22,fraud_Haley Group,misc_pos,8.56,Daniel,Owens,M,88794 Mandy Lodge Apt. 874,Howells,NE,68641,41.6964,-96.9858,1063,Research scientist (maths),41.364532,-96.894399,0
2019-02-10 13:53,"fraud_Dare, Fritsch and Zboncak",health_fitness,86.71,Nathan,Martinez,M,586 Thomas Cliffs,Oconto Falls,WI,54154,44.8755,-88.1555,5548,Mining engineer,44.533617,-87.531314,0
2019-11-06 03:39,fraud_Koss and Sons,gas_transport,50.43,Susan,Shah,F,9016 Jordan Bypass Apt. 516,Cranks,KY,40820,36.7558,-83.1838,581,"Psychologist, counselling",36.535234,-83.101786,0
2019-08-18 15:50,fraud_Conroy Ltd,shopping_pos,6.69,Derrick,Flores,M,83690 Nicholas Ports Apt. 846,Oakland,TN,38060,35.2229,-89.5518,9496,Furniture conservator/restorer,35.365495,-89.393012,0
2019-03-20 23:38,fraud_Morissette-Schaefer,personal_care,74.94,Craig,Franco,M,9242 Vanessa Ramp Apt. 525,Smithfield,IL,61477,40.4855,-90.2856,631,Futures trader,41.377211,-90.978819,0
2019-08-22 23:08,"fraud_Kilback, Nitzsche and Leffler",travel,2.99,Bianca,Novak,F,0953 David Skyway,Cuthbert,GA,39840,31.7706,-84.7936,5726,Fitness centre manager,32.359431,-84.455278,0
2019-10-07 12:09,"fraud_Hettinger, McCullough and Fay",home,26.93,Katelyn,Wise,F,674 Maureen Summit Apt. 276,Scotts Mills,OR,97375,44.9897,-122.6187,1252,"Engineer, petroleum",45.664449,-122.748186,0
2019-07-19 15:35,"fraud_Kihn, Brakus and Goyette",personal_care,5.89,Karen,Ryan,F,82468 Michelle Village Suite 556,Joliet,IL,60432,41.5378,-88.0572,128354,"Teacher, secondary school",41.16466,-88.070698,0
2019-08-20 15:13,"fraud_Runolfsdottir, Mueller and Hand",entertainment,57.22,Holly,Mann,F,7644 Joseph Fields,Nokomis,IL,62075,39.3036,-89.2853,3458,Building surveyor,38.409628,-90.127889,0
2020-03-06 22:28,fraud_Rippin-VonRueden,health_fitness,2.26,Gloria,Wallace,F,234 Bridges Wells Apt. 389,Center Tuftonboro,NH,3816,43.6849,-71.2551,1368,"Optician, dispensing",44.23722,-71.472312,0
2019-04-07 16:24,fraud_Marvin-Lind,personal_care,6.86,Natasha,Mclaughlin,F,8699 Lindsay Ford Apt. 486,Napa,CA,94558,38.4549,-122.2564,94014,Airline pilot,39.237723,-122.263164,0
2019-08-26 11:14,fraud_Bashirian Group,shopping_net,3.22,Danielle,Hayden,F,03368 Michelle Trail,Gregory,AR,72059,35.1791,-91.2594,37,"Lecturer, further education",35.347343,-91.00344,0
2019-03-08 22:41,fraud_Harris Group,food_dining,41.1,Amanda,Fitzgerald,F,298 Kayla Lights,Bristol,PA,19007,40.1159,-74.8536,21125,"Administrator, charities/voluntary organisations",39.789273,-73.882383,0
2019-09-27 01:35,"fraud_Rodriguez, Yost and Jenkins",misc_net,5.55,Joanne,Williams,F,3638 Marsh Union,Altonah,UT,84002,40.3207,-110.436,302,"Sales professional, IT",41.026309,-110.58168,0
2019-08-06 15:30,fraud_Dibbert and Sons,entertainment,38.13,Debra,Stark,F,686 Linda Rest,Kilgore,TX,75662,32.3836,-94.8653,24536,Multimedia programmer,32.927731,-95.677333,0
2019-03-28 11:40,fraud_Cassin-Harvey,grocery_net,63.14,Angela,White,F,137 Adam Dale,Lebanon,VA,24266,36.8809,-82.0956,9521,"Teacher, English as a foreign language",36.020799,-82.646726,0
2019-07-20 15:38,fraud_Beier and Sons,home,82.03,Adam,Santos,M,725 Jo Trace Apt. 102,Glendale,CA,91206,34.1556,-118.2322,172817,Advertising account planner,34.820541,-118.518369,0
2019-03-06 22:35,"fraud_Larkin, Stracke and Greenfelder",entertainment,17.08,Rachel,Villarreal,F,250 Carrie Throughway,University,MS,38677,34.3396,-89.5736,4198,Curator,34.295291,-89.843316,0
2020-02-10 15:34,fraud_Sporer-Keebler,personal_care,13.39,Daniel,Graham,M,28223 Ward Summit Apt. 664,Arvada,CO,80005,39.8422,-105.1097,122111,Hotel manager,39.374329,-104.6234,0
2019-08-04 23:04,fraud_Ziemann-Waters,health_fitness,21.95,James,Reese,M,26975 Richardson Mills Apt. 402,Sontag,MS,39665,31.6453,-90.1801,1196,"Librarian, academic",31.808745,-90.171953,0
2019-10-01 22:22,fraud_Zulauf LLC,personal_care,82.69,Mark,Allen,M,25360 Mcgee Forge,De Queen,AR,71832,34.0442,-94.3386,11253,"Scientist, biomedical",34.182797,-94.063528,0
2020-01-17 04:38,fraud_Berge LLC,gas_transport,48.53,Lori,Mclean,F,4548 Werner Wells Apt. 441,Mc Clellandtown,PA,15458,39.8882,-79.8694,2379,"Sales professional, IT",39.400737,-78.978094,0
2019-11-30 01:01,"fraud_Lehner, Mosciski and King",misc_net,66.21,Jose,Campbell,M,550 Cunningham Squares,Dadeville,AL,36853,32.8224,-85.7704,8269,Minerals surveyor,31.885748,-86.183461,0
2019-12-23 04:56,fraud_Cummings LLC,gas_transport,57.56,Jennifer,Vega,F,91644 Crystal Drives,Eagarville,IL,62023,39.1118,-89.7855,91,Materials engineer,39.78041,-89.599528,0
2019-03-11 12:34,fraud_Kuphal-Toy,food_dining,47.82,Ryan,Joseph,M,8850 Jessica Center,Atlantic,VA,23303,37.9073,-75.5089,741,"Geologist, engineering",36.926655,-76.278375,0
2019-12-10 19:49,fraud_Baumbach Ltd,personal_care,61.28,Joanne,Williams,F,3638 Marsh Union,Altonah,UT,84002,40.3207,-110.436,302,"Sales professional, IT",41.007371,-109.46638,0
2019-04-01 03:20,fraud_Zemlak Group,misc_net,10.17,Theresa,Blackwell,F,43576 Kristina Islands,Shenandoah Junction,WV,25442,39.3716,-77.8229,1925,Systems developer,39.425487,-77.882419,0
2019-05-24 11:54,"fraud_Lakin, Ferry and Beatty",food_dining,38.95,Patricia,Rodriguez,F,386 Randolph Throughway,Warren,OH,44483,41.2639,-80.8164,75903,Magazine features editor,41.843541,-80.095032,0
2019-11-15 14:48,fraud_Runte-Mohr,food_dining,1.34,Cassandra,Sanders,F,78117 George Mountains,Paauilo,HI,96776,20.0271,-155.3697,1490,"Scientist, research (maths)",19.483511,-156.256598,0
2019-12-08 21:22,fraud_Altenwerth-Kilback,home,7.13,Vicki,Mendoza,F,3645 Atkins Island Apt. 238,Esbon,KS,66941,39.7562,-98.4462,242,Tourism officer,40.598079,-98.235046,0
2019-11-12 17:20,fraud_Torp-Lemke,misc_pos,73.06,Danielle,Yu,F,5395 Colon Burgs Suite 037,Thrall,TX,76578,30.592,-97.2893,1766,Press sub,29.984543,-97.323491,0
2020-02-26 05:19,"fraud_Swaniawski, Bahringer and Ledner",grocery_net,64.65,Kristina,Stewart,F,47029 Jimmy Tunnel Apt. 106,Newhall,CA,91321,34.3795,-118.523,34882,Health physicist,34.674025,-117.579563,0
2019-10-08 22:24,fraud_Wuckert-Goldner,home,92.36,Joseph,Murray,M,42933 Ryan Underpass,Manderson,SD,57756,43.3526,-102.5411,1126,Volunteer coordinator,42.880659,-102.231191,0
2019-09-29 18:57,fraud_Wilkinson LLC,personal_care,8.98,Aaron,Rogers,M,969 Huerta Path Apt. 270,Valentine,NE,69201,42.8062,-100.6215,4005,Network engineer,42.812256,-101.259182,0
2019-09-14 00:27,fraud_Trantow PLC,grocery_net,52.41,Joshua,Cohen,M,426 Mark Ports,Brooklin,ME,4616,44.2541,-68.5565,824,"Loss adjuster, chartered",44.904056,-68.204315,0
2019-08-08 13:39,"fraud_Watsica, Haag and Considine",shopping_pos,5.32,Joanne,Williams,F,3638 Marsh Union,Altonah,UT,84002,40.3207,-110.436,302,"Sales professional, IT",41.04925,-109.484455,0
2019-12-01 21:36,fraud_Bruen-Yost,misc_pos,85.53,Tina,Zimmerman,F,3595 Susan Island Suite 063,Thomas,OK,73669,35.7382,-98.7388,1675,Barrister,35.474027,-98.720881,0
2019-12-18 22:26,"fraud_Yost, Schamberger and Windler",kids_pets,50.94,Dawn,Cox,F,193 Catherine Ways,Hills,MN,56138,43.5335,-96.3645,899,Data scientist,42.956949,-97.026125,0
2019-06-19 04:52,"fraud_Streich, Hansen and Veum",gas_transport,51.25,William,Perry,M,458 Phillips Island Apt. 768,Denham Springs,LA,70726,30.459,-90.9027,71335,Herbalist,30.787432,-90.990129,0
2019-12-15 16:44,"fraud_Lowe, Dietrich and Erdman",kids_pets,49.25,Kenneth,Foster,M,329 Michael Extension,Lawrence,MA,1843,42.6911,-71.1605,76383,Geoscientist,43.398987,-71.566061,0
2019-08-14 21:48,fraud_Schmidt and Sons,shopping_net,4.18,Karen,Gordon,F,543 Ware Path Apt. 593,Utica,MO,64686,39.7417,-93.6289,271,Land/geomatics surveyor,40.706692,-93.039283,0
2020-03-08 08:05,fraud_Turner and Sons,shopping_pos,4.61,Krystal,Gamble,F,47152 Clayton Burg,Manchester,MD,21102,39.6747,-76.8941,11751,Clinical research associate,39.306927,-75.990344,0
2020-02-09 17:40,fraud_Hills-Boyer,personal_care,32.98,April,Johnson,F,9727 Deleon Mountain,Creedmoor,NC,27522,36.1124,-78.6476,12335,Chief Strategy Officer,36.365655,-78.44161,0
2019-07-17 05:31,"fraud_Nienow, Ankunding and Collier",misc_pos,6.88,Monique,Robinson,F,07712 Marcus Divide Apt. 831,Laguna Hills,CA,92637,33.615,-117.7114,45303,Sales executive,34.486572,-118.162201,0
2019-12-13 15:53,fraud_Haag-Blanda,food_dining,87.0,Danielle,Evans,F,76752 David Lodge Apt. 064,Breesport,NY,14816,42.1939,-76.7361,520,Psychotherapist,42.343891,-76.34987,0
2019-12-22 01:06,fraud_Shields Inc,grocery_net,59.99,George,Floyd,M,22502 Baker Mount Suite 241,Hazel,KY,42049,36.5422,-88.3319,1480,"Designer, interior/spatial",37.338101,-88.126482,0
2019-03-10 18:49,fraud_Erdman-Schaden,personal_care,53.85,Ariana,Campbell,F,50932 Neal Valley,Daniels,WV,25832,37.7256,-81.1087,3994,"Biochemist, clinical",37.020938,-81.868317,0
2019-10-13 11:46,fraud_Botsford Ltd,shopping_pos,2.75,Andrea,Cruz,F,26572 Hodge Villages Suite 512,Mifflin,PA,17058,40.5553,-77.4001,1909,Mining engineer,41.145899,-76.853588,0
2019-11-19 14:58,"fraud_Moore, Williamson and Emmerich",home,38.26,Katherine,Pennington,F,73869 Connie Prairie,Vienna,GA,31092,32.0913,-83.7922,7420,Phytotherapist,32.867605,-84.350619,0
2019-07-30 21:27,fraud_Schmeler-Howe,personal_care,7.89,Kathleen,Thompson,F,199 Patterson Fords Apt. 132,Naples,FL,34112,26.1184,-81.7361,276002,"Pilot, airline",26.629733,-81.544882,0
2020-02-09 18:31,fraud_Donnelly LLC,entertainment,16.39,Christine,Best,F,68248 Deanna Land,Enola,AR,72047,35.2087,-92.2123,969,"Physicist, medical",34.777091,-92.524669,0
2019-03-24 09:13,fraud_Thiel-Thiel,entertainment,79.13,Carl,Hernandez,M,9134 Darryl Flat Suite 916,Paulding,OH,45879,41.141,-84.5722,6284,Secondary school teacher,41.803999,-84.27784,0
2019-10-31 12:59,"fraud_Langosh, Wintheiser and Hyatt",food_dining,10.12,Karen,Ryan,F,82468 Michelle Village Suite 556,Joliet,IL,60432,41.5378,-88.0572,128354,"Teacher, secondary school",41.350707,-88.308646,0
2019-02-25 13:57,"fraud_Berge, Kautzer and Harris",personal_care,155.72,Donna,Davis,F,6760 Donovan Lakes,Clayton,OK,74536,34.5906,-95.38,1760,Occupational psychologist,33.880088,-95.892897,0
2019-10-14 09:30,"fraud_Swaniawski, Lowe and Robel",shopping_pos,4.71,Linda,Park,F,24607 Charles Mountains,Fenelton,PA,16034,40.8555,-79.7372,2054,Operations geologist,41.565211,-79.910523,0
2019-08-11 00:47,fraud_Koelpin and Sons,misc_net,19.83,Ashley,Cruz,F,65417 Walsh Radial Suite 691,Saint Amant,LA,70774,30.2385,-90.8435,10076,"Surveyor, rural practice",30.632913,-91.513568,0
2020-01-31 01:36,fraud_Barton Inc,grocery_pos,277.95,Sally,Moore,F,835 Reese Views Suite 884,Hopkins,SC,29061,33.9349,-80.8449,13717,Chiropodist,33.690578,-81.043093,1
2019-12-03 13:32,fraud_Fahey Inc,kids_pets,79.88,Kyle,Wilkinson,M,93970 Trujillo Causeway,Curlew,IA,50527,42.9633,-94.7975,223,Estate manager/land agent,43.271086,-94.136098,0
2019-10-06 19:19,fraud_Quitzon-Goyette,home,20.28,Bill,Lane,M,4725 Hurst Curve Apt. 634,Holliday,TX,76366,33.6751,-98.6576,2317,Chief Technology Officer,33.965441,-99.429488,0
2020-02-13 13:46,fraud_Nienow PLC,entertainment,19.43,Candice,Brown,F,9412 Harris Mews,O Brien,TX,79539,33.3749,-99.8473,178,Warden/ranger,33.697305,-100.047861,0
2019-10-14 01:45,fraud_McGlynn-Heathcote,misc_net,7.36,Kristen,Hanson,F,26544 Andrea Glen,Goodrich,MI,48438,42.9147,-83.4845,6951,Learning disability nurse,42.776901,-82.502863,0
2019-03-21 06:19,fraud_Denesik and Sons,shopping_pos,1.47,Theresa,Blackwell,F,43576 Kristina Islands,Shenandoah Junction,WV,25442,39.3716,-77.8229,1925,Systems developer,39.142978,-77.363264,0
2019-12-04 02:45,fraud_Kutch LLC,gas_transport,76.16,Amanda,Gomez,F,8152 Brittany Centers,Dallas,TX,75218,32.8463,-96.6972,1263321,"Designer, ceramics/pottery",33.250262,-95.927534,0
2020-02-08 18:16,fraud_Kihn-Schuster,food_dining,11.78,James,Cooper,M,663 Ramirez Trace Apt. 951,Huntsville,AL,35811,34.7789,-86.5438,190178,Television production assistant,34.262127,-87.481955,0
2019-09-04 21:21,"fraud_Yost, Schamberger and Windler",kids_pets,35.95,Candice,Brown,F,9412 Harris Mews,O Brien,TX,79539,33.3749,-99.8473,178,Warden/ranger,33.471702,-99.498321,0
2019-06-26 22:47,fraud_Pagac LLC,shopping_pos,7.35,Angie,Jones,F,6970 Blake Trail,Clearwater,FL,33760,27.9004,-82.7152,172247,"Geneticist, molecular",28.264263,-83.231308,0
2019-04-24 05:08,fraud_Stoltenberg-Beatty,shopping_pos,9.5,Megan,Murphy,F,53696 Laura Radial,Holstein,NE,68950,40.4542,-98.6538,331,Telecommunications researcher,40.442674,-99.458662,0
2019-02-11 04:40,fraud_Berge LLC,gas_transport,61.02,Tara,Richards,F,4879 Cristina Station,Keisterville,PA,15449,39.9636,-79.7853,184,Systems developer,40.694774,-79.970026,0
2019-04-15 11:06,fraud_Koss and Sons,gas_transport,62.43,Jacqueline,Howard,F,4511 Choi Lock,Delhi,LA,71232,32.3929,-91.4714,6581,Multimedia programmer,32.922839,-92.205125,0
2019-04-11 11:55,"fraud_Hagenes, Kohler and Hoppe",food_dining,101.21,Karen,Cooper,F,425 Caleb Point Apt. 050,San Diego,CA,92128,33.0067,-117.069,1241364,"Pharmacist, hospital",33.810228,-116.447926,0
2019-04-06 13:52,"fraud_Windler, Goodwin and Kovacek",home,32.48,Vicki,Mendoza,F,3645 Atkins Island Apt. 238,Esbon,KS,66941,39.7562,-98.4462,242,Tourism officer,39.814902,-98.209104,0
2020-02-17 23:17,fraud_Jerde-Hermann,travel,480.6,Jeffrey,Smith,M,713 Scott Pike Apt. 712,Bridger,MT,59014,45.2857,-108.9082,1446,Chartered loss adjuster,44.383436,-109.422649,0
2019-12-31 13:56,"fraud_Labadie, Treutel and Bode",shopping_net,294.56,Jodi,Rodriguez,F,5796 Lee Coves Apt. 286,Walnut Ridge,AR,72476,36.0244,-90.9288,7155,"Engineer, control and instrumentation",36.010859,-90.343548,0
2019-02-17 19:41,"fraud_Runte, Green and Emard",health_fitness,20.51,Teresa,Clark,F,1323 Derek Mission,Noonan,ND,58765,48.8856,-103.0098,248,Industrial/product designer,48.133082,-102.474288,0
2019-01-13 22:18,fraud_Mohr Inc,shopping_pos,9.75,Sarah,Bell,F,6963 Russell Causeway Suite 231,Galatia,IL,62935,37.8274,-88.6235,1943,"Restaurant manager, fast food",37.516889,-88.9225,0
2019-08-31 04:40,"fraud_Schaefer, McGlynn and Bosco",gas_transport,70.2,Charles,Rodriguez,M,240 Tracy Forges,Easton,KS,66020,39.3391,-95.0999,1442,Air broker,39.495562,-95.985777,0
2019-12-11 23:25,fraud_Feil-Morar,health_fitness,122.14,Tanya,Williams,F,566 Megan Well,Brownville,NY,13615,44.0577,-76.0196,1271,"Producer, radio",44.16404,-75.455058,0
2019-09-11 21:10,fraud_Erdman-Ebert,personal_care,2.95,Richard,Waters,M,7683 Natasha Way Apt. 945,Waukesha,WI,53186,42.9993,-88.2196,95015,"Therapist, occupational",42.327712,-88.496354,0
2019-04-10 11:21,fraud_Stamm-Rodriguez,misc_pos,14.87,Tara,Campbell,F,05050 Rogers Well Apt. 439,Rock Springs,WY,82901,41.606,-109.23,27971,Music therapist,41.137577,-108.295753,0
2019-11-21 19:53,fraud_Schmidt and Sons,shopping_net,3.37,Kevin,Elliott,M,1852 Vincent Isle Suite 328,Newark Valley,NY,13811,42.2281,-76.1625,4354,Further education lecturer,42.348439,-76.720208,0
2019-05-12 19:42,fraud_O'Connell-Ullrich,home,167.32,Cheryl,Ballard,F,248 James Squares Apt. 838,Halstad,MN,56548,47.3551,-96.798,771,"Scientist, audiological",48.354053,-96.837193,0
2019-12-09 01:23,fraud_Jast Ltd,shopping_net,8.99,Amanda,Wheeler,F,329 Emily Cape,Cape Coral,FL,33909,26.6939,-81.9452,156391,Higher education careers adviser,27.100331,-81.988554,0
2019-12-08 13:26,"fraud_Durgan, Gislason and Spencer",home,110.67,Claire,Davis,F,83685 Matthew Center Suite 870,Cherokee Village,AR,72529,36.3011,-91.5281,4726,Pharmacologist,36.996243,-91.408036,0
2019-10-04 13:54,fraud_Hudson-Grady,shopping_pos,9.67,Thomas,Jenkins,M,93914 Gregory Via,Oakland,CA,94619,37.7878,-122.1884,381459,Barista,37.636667,-122.096558,0
2019-12-02 23:14,fraud_Fadel Inc,health_fitness,22.86,Frank,Anderson,M,0611 Stafford Valley Suite 504,Naples,FL,34112,26.1184,-81.7361,276002,"Programme researcher, broadcasting/film/video",25.363577,-82.043646,0
2019-11-25 14:07,fraud_Hammes-Beatty,kids_pets,34.96,Susan,Hardy,F,516 Brown Parks,Manistique,MI,49854,46.0062,-86.2555,6469,Trade mark attorney,45.757898,-86.489297,0
2019-05-30 20:06,"fraud_Turner, Ruecker and Parisian",misc_pos,38.7,Margaret,Lam,F,6911 Nicholas Keys Apt. 237,Armagh,PA,15920,40.4603,-79.0097,922,Early years teacher,40.492382,-78.808517,0
2019-07-11 16:06,fraud_Ruecker-Mayert,kids_pets,24.86,Cody,Dean,M,737 Thomas Wall Apt. 502,West Bethel,ME,4286,44.402,-70.8601,47,Chief Operating Officer,43.493631,-71.466549,0
2019-12-03 06:08,"fraud_Reilly, Heaney and Cole",gas_transport,69.73,Laura,Johns,F,95835 Garcia Rue,Arcadia,SC,29320,34.9572,-81.9916,530,Animal technologist,35.61905,-81.573278,0
2019-10-28 17:54,fraud_Roob-Okuneva,health_fitness,18.21,Christopher,Patterson,M,16744 Campbell Wall Apt. 372,Timberville,VA,22853,38.6476,-78.7717,4367,Waste management officer,38.039249,-78.416904,0
2019-06-22 23:50,fraud_Erdman-Ebert,personal_care,21.23,Sheila,Baker,F,8030 Walker Heights,Belle Fourche,SD,57717,44.6723,-103.8396,8007,Hospital pharmacist,45.409748,-104.769664,0
2019-05-06 12:23,fraud_Bins-Howell,personal_care,135.83,Anthony,Roberts,M,95488 Cabrera Well,Maria Stein,OH,45860,40.4062,-84.5076,2274,"Designer, television/film set",39.505082,-84.826458,0
2019-11-15 14:55,fraud_Reilly LLC,home,44.61,Marissa,Powell,F,474 Allen Haven,North Loup,NE,68859,41.4972,-98.7858,509,"Nurse, children's",40.706137,-99.083176,0
2019-07-08 22:12,fraud_Bruen-Yost,misc_pos,2.81,Samuel,Farrell,M,428 Michael Tunnel Apt. 377,Cleveland,AL,35049,33.9778,-86.5598,3996,Aid worker,33.690589,-87.406651,0
2020-02-19 20:50,fraud_Parker-Kunde,personal_care,10.48,Phillip,Delacruz,M,26678 Lisa Locks Apt. 904,Iliff,CO,80736,40.7692,-103.0968,648,Community arts worker,41.173349,-102.452952,0
2019-12-21 13:09,fraud_Gerhold LLC,home,54.2,James,Greene,M,082 Hernandez Bypass Apt. 886,Quanah,TX,79252,34.2956,-99.7494,3202,"Librarian, public",34.834779,-99.512012,0
2019-09-29 00:35,fraud_Lemke-Gutmann,shopping_net,50.2,Heather,Hines,F,13776 Hicks Plains,Pomona,NY,10970,41.1901,-74.0436,9993,Pensions consultant,41.671807,-74.215037,0
2019-08-09 22:00,fraud_White and Sons,home,32.58,Scott,Fuller,M,861 Karen Common,Haw River,NC,27258,36.0424,-79.3242,6006,Paramedic,35.501325,-80.242591,0
2019-04-08 07:35,fraud_Goodwin-Nitzsche,grocery_pos,41.84,Joseph,Gonzalez,M,319 Wendy Fort Suite 179,Murfreesboro,TN,37132,35.8596,-86.421,158701,"Journalist, newspaper",35.090713,-86.520067,0
2019-01-07 23:08,fraud_Torphy-Kertzmann,health_fitness,208.19,Eric,Preston,M,7020 Doyle Stream Apt. 951,Mesa,ID,83643,44.6255,-116.4493,129,Cartographer,44.552074,-116.367225,0
2019-11-09 09:23,fraud_Collier Inc,grocery_net,15.89,Destiny,Lowe,F,79472 Stevens Trace Apt. 120,Hannawa Falls,NY,13647,44.6087,-74.9732,69,Chief Executive Officer,44.913564,-74.805356,0
2019-04-06 22:26,"fraud_Kuhic, Bins and Pfeffer",shopping_net,96.89,Tammy,Davis,F,77663 Colleen Freeway,Moundsville,WV,26041,39.9148,-80.731,16183,Physiotherapist,39.713959,-80.438985,0
2019-07-15 23:17,fraud_Romaguera Ltd,health_fitness,18.52,Cody,Miller,M,25748 John Wells,Mooresville,NC,28117,35.584,-80.8685,69793,Control and instrumentation engineer,35.5384,-81.275479,0
2019-03-27 04:44,fraud_Bradtke PLC,grocery_pos,29.76,Christian,Johns,M,892 Solis Neck,Lonsdale,MN,55046,44.4477,-93.4252,5211,Chief Strategy Officer,45.219888,-93.58926,0
2019-07-18 13:11,fraud_Kutch-Wilderman,home,98.5,Nathan,Massey,M,5783 Evan Roads Apt. 465,Falmouth,MI,49632,44.2529,-85.017,1126,Furniture designer,43.755612,-84.793814,0
2019-04-01 17:21,"fraud_Larkin, Stracke and Greenfelder",entertainment,72.04,Louis,Fisher,M,45654 Hess Rest,Fort Washakie,WY,82514,43.0048,-108.8964,1645,Freight forwarder,42.966578,-108.307016,0
2019-08-11 17:27,fraud_Breitenberg-Hermiston,kids_pets,68.11,Robert,Haynes,M,857 Aaron Circles Suite 398,Johns Island,SC,29455,32.8357,-79.8217,20478,Materials engineer,33.252499,-79.129117,0
2019-07-27 18:45,fraud_Dietrich-Fadel,health_fitness,14.92,Kenneth,Edwards,M,3653 Ryan Crossroad,Andrews,IN,46702,40.8618,-85.6067,2304,Retail banker,40.467927,-85.411434,0
2019-09-28 05:05,fraud_Brekke and Sons,gas_transport,82.23,Joseph,Gonzalez,M,319 Wendy Fort Suite 179,Murfreesboro,TN,37132,35.8596,-86.421,158701,"Journalist, newspaper",36.45046,-85.644784,0
2019-01-01 03:12,"fraud_Cormier, Stracke and Thiel",entertainment,3.14,Brian,Simpson,M,2711 Duran Pines,Honokaa,HI,96727,20.0827,-155.488,4878,Physiotherapist,20.995398,-155.369362,0
2019-12-30 00:33,"fraud_Bahringer, Schoen and Corkery",shopping_pos,129.53,Stanley,Mayo,M,3433 Jones Branch,Fiddletown,CA,95629,38.5234,-120.6763,832,Immigration officer,39.19085,-120.307863,0
2019-01-25 01:06,fraud_Roob LLC,grocery_net,34.19,Robert,Martinez,M,3683 Parrish Circles,Pueblo,CO,81005,38.2352,-104.66,151815,Further education lecturer,38.055569,-105.301095,0
2019-02-25 11:49,"fraud_Wiza, Schaden and Stark",misc_pos,3.66,Steven,Arnold,M,079 Chelsea Rest,Belfast,NY,14711,42.32,-78.0943,1766,Mechanical engineer,41.369498,-77.844038,0
2019-06-10 10:18,"fraud_Boehm, Block and Jakubowski",misc_pos,33.75,Christopher,Odom,M,81446 Nicole Highway Apt. 874,Richland,NJ,8350,39.485,-74.8776,825,Licensed conveyancer,38.937597,-75.225167,0
2019-05-26 23:03,"fraud_Wuckert, Wintheiser and Friesen",home,14.28,Brent,Terrell,M,502 Rice Plaza Apt. 979,Port Ewen,NY,12466,41.8948,-73.9767,2471,Heritage manager,41.404858,-73.563375,0
2019-12-22 00:08,fraud_Koepp-Parker,grocery_pos,184.99,Jessica,Perez,F,8172 Robertson Parkways Suite 072,Superior,AZ,85173,33.2887,-111.0985,2872,Petroleum engineer,32.603545,-111.439551,0
2019-02-04 11:56,fraud_Wolf Inc,grocery_pos,119.55,Lauren,Moreno,F,83719 Wilson Shore,Heislerville,NJ,8324,39.224,-74.9942,526,Exercise physiologist,39.767187,-74.771261,0
2019-08-31 15:10,fraud_Waters-Cruickshank,health_fitness,93.1,Jacqueline,Curry,F,3047 Jeff Place,Marathon,TX,79842,30.1886,-103.2214,498,Lexicographer,29.541426,-103.447564,0
2019-12-14 14:05,fraud_Shanahan-Lehner,personal_care,54.82,Steven,Faulkner,M,841 Cheryl Centers Suite 115,Farmington,NY,14425,42.958,-77.3083,10717,Cytogeneticist,42.963247,-76.98086,0
2019-08-18 17:59,fraud_Cartwright PLC,kids_pets,77.05,Tabitha,Reyes,F,20938 Barbara Viaduct,New York City,NY,10280,40.7105,-74.0163,1577385,"Pharmacist, hospital",40.903483,-73.524158,0
2019-01-31 16:31,fraud_Botsford and Sons,home,123.17,Alan,Colon,M,748 Bryan Fields Suite 935,Riverton,WY,82501,43.0351,-108.2024,19408,"Lecturer, higher education",43.13135,-109.191941,0
2019-05-12 22:57,fraud_Greenholt Ltd,health_fitness,85.91,Karen,Johnson,F,4349 Anna Flat Suite 214,Haynes,AR,72341,34.8838,-90.7666,222,"Programmer, applications",35.629217,-91.270698,0
2019-02-16 16:38,fraud_Mosciski Group,travel,4.38,Robert,Sanchez,M,7314 Johnson Square Apt. 296,Parkers Lake,KY,42634,36.8347,-84.4436,1565,"Designer, industrial/product",37.810664,-84.640663,0
2019-04-29 21:09,fraud_Bednar Inc,travel,2.29,Antonio,Koch,M,8738 Richard Brooks,Moab,UT,84532,38.5677,-109.5271,9772,Location manager,39.364291,-109.159717,0
2019-11-30 18:39,fraud_Volkman PLC,food_dining,34.05,Adam,Santos,M,725 Jo Trace Apt. 102,Glendale,CA,91206,34.1556,-118.2322,172817,Advertising account planner,33.419563,-117.806662,0
2019-06-26 06:38,"fraud_Konopelski, Schneider and Hartmann",food_dining,30.41,Lawrence,Davis,M,7421 Serrano Lane Apt. 580,Powell,TN,37849,36.0435,-84.04,25459,"Teacher, special educational needs",36.033318,-83.752444,0
2019-05-04 17:08,fraud_Berge-Hills,kids_pets,19.87,Christine,Burns,F,343 Hannah Parkway,Comfort,WV,25049,38.1372,-81.5962,630,Fine artist,38.006298,-81.365188,0
2020-03-01 06:02,fraud_Beier-Hyatt,shopping_pos,122.68,Edward,Tapia,M,354 Gutierrez Gateway,Comfrey,MN,56019,44.1111,-94.9134,914,Health and safety adviser,44.668878,-94.935411,0
2019-04-07 11:18,"fraud_Schaefer, McGlynn and Bosco",gas_transport,53.03,Jared,Velazquez,M,01479 Murray Circle,Matawan,NJ,7747,40.4109,-74.238,30770,Drilling engineer,40.292132,-74.018373,0
2019-05-13 10:56,"fraud_Goldner, Kovacek and Abbott",grocery_pos,105.57,Scott,Martin,M,7483 Navarro Flats,Freedom,WY,83120,43.0172,-111.0292,471,"Education officer, museum",43.637099,-111.819809,0
2019-08-25 17:45,"fraud_Hills, Hegmann and Schaefer",health_fitness,36.74,Steven,Walters,M,3206 Hall Divide Suite 282,Woodville,AL,35776,34.6689,-86.2296,3395,"Editor, commissioning",34.891086,-85.7471,0
2019-04-20 00:54,"fraud_Schaefer, Maggio and Daugherty",gas_transport,55.71,Erik,Patterson,M,162 Jessica Row Apt. 072,Hatch,UT,84735,37.7175,-112.4777,258,Geoscientist,38.171854,-112.785713,0
2019-10-22 23:47,fraud_Klein Group,entertainment,110.07,Kenneth,Sanchez,M,0110 Ashley Forest,Tekoa,WA,99033,47.2271,-117.0819,895,Clothing/textile technologist,47.507777,-117.976076,0
2019-01-30 02:40,"fraud_Rippin, Kub and Mann",misc_net,74.1,William,Thomas,M,39227 Mcpherson Shoals,Lahoma,OK,73754,36.385,-98.0727,1078,Podiatrist,36.985984,-98.574953,0
2019-09-25 15:25,fraud_Schoen Ltd,kids_pets,43.0,Ana,Howell,F,4664 Sanchez Common Suite 930,Bradley,SC,29819,34.0326,-82.2027,1523,Research scientist (physical sciences),34.560578,-82.80019,0
2019-09-30 05:28,"fraud_Lesch, D'Amore and Brown",food_dining,78.75,Jessica,Shaw,F,5745 Blair Locks,West Columbia,SC,29170,33.9568,-81.1405,52126,Chemical engineer,34.284204,-80.560445,0
2019-07-03 22:56,"fraud_Kutch, Steuber and Gerhold",food_dining,9.1,Edward,Tapia,M,354 Gutierrez Gateway,Comfrey,MN,56019,44.1111,-94.9134,914,Health and safety adviser,44.584946,-94.605478,0
2019-09-06 01:51,fraud_Trantow PLC,grocery_net,49.81,Melissa,Meza,F,244 Abbott Parkway,Loxahatchee,FL,33470,26.7383,-80.276,26551,Paramedic,27.148363,-79.437227,0
2019-05-19 04:17,"fraud_Jenkins, Hauck and Friesen",gas_transport,65.39,Angela,West,F,9471 Wong Islands,Mansfield,OH,44902,40.7559,-82.5123,92985,Press photographer,40.372611,-82.896323,0
2019-04-26 13:11,fraud_Schmeler-Howe,personal_care,57.95,Rachel,Villarreal,F,250 Carrie Throughway,University,MS,38677,34.3396,-89.5736,4198,Curator,34.797417,-89.679361,0
2019-12-29 08:03,"fraud_Raynor, Feest and Miller",gas_transport,45.74,Gina,Grimes,F,444 Robert Mews,Clarks Mills,PA,16114,41.3851,-80.1752,606,Energy manager,41.285436,-80.687604,0
2019-12-28 12:04,fraud_Schuppe LLC,entertainment,114.47,Robert,James,M,92021 Miranda Meadows,Tamaroa,IL,62888,38.138,-89.2231,2135,"Development worker, community",37.44898,-89.701025,0
2019-12-22 01:39,fraud_Koepp-Parker,grocery_pos,78.79,Teresa,Blankenship,F,6638 Lucero Mill Suite 952,Karnack,TX,75661,32.6205,-94.2,2807,Chiropodist,33.443291,-93.622918,0
2019-03-24 14:54,"fraud_Fadel, Mertz and Rippin",entertainment,10.75,Jennifer,Gonzalez,F,5517 Stacy Land,Jelm,WY,82063,41.0539,-106.0763,100,Public librarian,41.181626,-106.853025,0
2019-09-12 02:55,fraud_Heller-Langosh,gas_transport,62.31,Christopher,Farrell,M,97070 Anderson Land,Haines City,FL,33844,28.0758,-81.5929,33804,Exercise physiologist,28.800822,-82.511659,0
2019-07-24 18:05,"fraud_Okuneva, Schneider and Rau",shopping_pos,4.2,Ellen,Smith,F,285 George Lake,Beaver Falls,PA,15010,40.7687,-80.3592,28425,Podiatrist,40.707209,-79.55198,0
2019-12-21 12:16,fraud_Pacocha-Weissnat,kids_pets,54.8,David,Vasquez,M,06539 Gregory Mountains Suite 029,Parker Dam,CA,92267,34.298,-114.156,126,Marketing executive,34.106567,-114.563672,0
2019-04-15 23:44,fraud_Sporer-Keebler,personal_care,75.91,Robert,Long,M,529 Joshua Knoll Apt. 511,Lonetree,WY,82936,41.0552,-110.1603,49,Research scientist (physical sciences),40.654232,-110.604462,0
2019-11-02 16:33,fraud_Johns Inc,entertainment,16.4,Alan,Parsons,M,0547 Russell Ford Suite 574,Kirk,CO,80824,39.6171,-102.4776,207,Network engineer,40.404841,-103.289475,0
2019-10-08 12:59,fraud_Berge-Hills,kids_pets,97.66,John,Stevens,M,428 Morgan River,Hudson,NY,12534,42.247,-73.7552,17867,Travel agency manager,43.000585,-72.855121,0
2019-03-25 04:16,"fraud_Kutch, Hermiston and Farrell",gas_transport,72.19,Meredith,Ayala,F,7107 Henderson Station,Cascade Locks,OR,97014,45.671,-121.8686,1288,Barrister,45.349069,-122.208057,0
2020-02-04 05:57,"fraud_Connelly, Reichert and Fritsch",gas_transport,81.89,Amber,Lewis,F,6296 John Keys Suite 858,Pembroke Township,IL,60958,41.0646,-87.5917,2135,"Psychotherapist, child",41.793415,-87.51892,0
2019-09-23 13:18,fraud_Wilkinson PLC,kids_pets,23.38,Alan,Taylor,M,560 Molina Path,Oakdale,NY,11769,40.7382,-73.1297,9506,"Biochemist, clinical",40.990066,-74.035238,0
2019-06-03 15:31,fraud_Conroy Ltd,shopping_pos,466.93,Angela,White,F,137 Adam Dale,Lebanon,VA,24266,36.8809,-82.0956,9521,"Teacher, English as a foreign language",36.671247,-82.887819,0
2019-01-18 20:04,"fraud_Crist, Jakubowski and Littel",home,19.93,Kathleen,Nash,F,010 Salazar Walk,Cromona,KY,41810,37.1788,-82.695,502,Chief Financial Officer,37.089898,-82.790013,0
2019-12-23 16:32,fraud_Marvin-Lind,personal_care,33.97,Michelle,Johnston,F,3531 Hamilton Highway,Roma,TX,78584,26.4215,-99.0025,18128,IT trainer,26.590731,-99.967512,0
2019-08-05 18:38,fraud_Block-Hauck,travel,4.29,Adam,Stark,M,0912 Mark Fields Apt. 080,Mc Veytown,PA,17051,40.5046,-77.7186,4653,Nutritional therapist,40.932445,-77.878572,0
2020-03-01 23:15,"fraud_Mueller, Gerhold and Mueller",health_fitness,101.55,Paula,Estrada,F,350 Stacy Glens,Spencer,SD,57374,43.7557,-97.5936,343,"Development worker, international aid",43.507404,-98.006354,0
2019-06-26 03:09,"fraud_Towne, Walker and Borer",grocery_net,49.61,Edward,Hensley,M,24318 Dixon Mills,Elk Rapids,MI,49629,44.8955,-85.4082,2223,Chief Financial Officer,44.674914,-85.438867,0
2019-10-13 01:54,fraud_Stracke-Lemke,grocery_pos,117.57,Alan,Howard,M,04139 Johnson Prairie Suite 401,Detroit,MI,48206,42.3749,-83.1087,673342,Trading standards officer,41.854238,-83.895237,0
2020-02-10 14:26,fraud_Turcotte-Halvorson,misc_pos,6.2,Danielle,Evans,F,76752 David Lodge Apt. 064,Breesport,NY,14816,42.1939,-76.7361,520,Psychotherapist,41.909567,-77.360861,0
2019-06-09 13:51,"fraud_Langosh, Wintheiser and Hyatt",food_dining,65.42,Shelby,Mitchell,F,974 Cindy Stream,Brandon,VT,5733,43.8065,-73.0882,5895,"Scientist, marine",42.855361,-72.892707,0
2019-08-10 19:45,fraud_Dach-Nader,misc_net,5.58,Thomas,Sullivan,M,464 Newman Crossroad,Milwaukee,WI,53228,42.9676,-88.0434,817312,"Accountant, chartered public finance",43.550869,-88.788626,0
2019-07-28 08:26,fraud_Huels-Hahn,gas_transport,56.86,Lori,Ramirez,F,4293 Ramirez Squares,Ranier,MN,56668,48.6031,-93.2977,136,Ceramics designer,49.052932,-92.550368,0
2019-09-12 08:37,"fraud_Schoen, Kuphal and Nitzsche",grocery_pos,78.88,Carolyn,Perez,F,433 Blake Roads Suite 967,Wheaton,MO,64874,36.7651,-94.0492,760,Production manager,36.176583,-94.25939,0
2019-12-17 20:40,fraud_Donnelly LLC,entertainment,93.27,Nathan,Mendoza,M,767 Adam Mill Apt. 115,Espanola,NM,87533,35.9866,-106.0654,18408,Historic buildings inspector/conservation officer,36.875634,-106.172825,0
2019-03-01 16:38,fraud_Hoppe-Parisian,kids_pets,59.24,Dylan,Garcia,M,923 Jordan Road,Afton,MN,55001,44.8696,-92.8234,2916,Barrister's clerk,44.133667,-91.865104,0
2019-04-29 13:57,fraud_Gaylord-Powlowski,home,147.57,Adriana,Harvey,F,715 Joy Prairie,Unionville,MO,63565,40.4815,-92.9951,3805,"Investment banker, corporate",40.959926,-92.81955,0
2020-01-12 13:10,fraud_Skiles LLC,home,55.26,Ashley,Cruz,F,65417 Walsh Radial Suite 691,Saint Amant,LA,70774,30.2385,-90.8435,10076,"Surveyor, rural practice",29.810303,-91.443485,0
2019-03-01 16:36,fraud_Block-Parisian,misc_net,1.92,Matthew,Lambert,M,7188 Melissa Crest Apt. 151,New Holstein,WI,53061,43.9446,-88.0911,5196,Child psychotherapist,43.689324,-87.104185,0
2019-03-06 12:39,"fraud_Gutmann, McLaughlin and Wiza",home,18.04,Christopher,Henry,M,1198 Robert Stravenue Apt. 479,Armonk,NY,10504,41.136,-73.7009,7987,Television/film/video producer,41.49636,-73.084337,0
2019-04-25 14:56,fraud_Nolan-Williamson,kids_pets,69.52,Brian,Simpson,M,2711 Duran Pines,Honokaa,HI,96727,20.0827,-155.488,4878,Physiotherapist,19.2139,-155.838725,0
2019-12-29 14:52,fraud_Hilpert-Conroy,kids_pets,29.34,Danielle,Evans,F,76752 David Lodge Apt. 064,Breesport,NY,14816,42.1939,-76.7361,520,Psychotherapist,42.355369,-76.920832,0
2019-01-27 15:34,fraud_Howe PLC,entertainment,93.89,William,Thompson,M,977 Rita Grove Apt. 000,Rock Tavern,NY,12575,41.4575,-74.1659,2258,Building surveyor,42.221496,-74.268262,0
2019-04-26 23:41,"fraud_Hauck, Dietrich and Funk",kids_pets,68.14,Scott,Cole,M,646 Louis Fort Apt. 665,North Las Vegas,NV,89084,36.2815,-115.1482,214518,Catering manager,36.006118,-116.135941,0
2019-12-30 09:23,fraud_Bauch-Raynor,grocery_pos,137.42,David,Kirby,M,133 Alyssa Plains,Lolita,TX,77971,28.7724,-96.4793,911,Archaeologist,28.145914,-96.797349,0
2019-12-23 19:07,fraud_Tillman LLC,travel,4.8,Jill,Jacobs,F,034 Kimberly Mountains,Brandon,FL,33510,27.9551,-82.2966,79613,Environmental consultant,27.228831,-81.726987,0
2019-08-10 19:29,fraud_Kirlin and Sons,personal_care,89.02,Timothy,Simmons,M,1049 John Ports Suite 057,Newberg,OR,97132,45.3099,-122.9685,28278,Research scientist (physical sciences),45.378797,-122.794036,0
2020-03-08 12:37,"fraud_O'Connell, Botsford and Hand",home,1.81,Emily,Hall,F,8851 Reese Neck,Basye,VA,22810,38.8089,-78.7776,863,"Engineer, mining",37.917443,-79.674387,0
2019-10-28 10:36,fraud_Pouros-Haag,shopping_pos,3.62,Linda,Hurst,F,31701 Tucker Square Suite 893,Wilton,ND,58579,47.1709,-100.7944,1190,"Designer, ceramics/pottery",47.31263,-100.198452,0
2019-06-23 09:56,fraud_Kutch and Sons,grocery_pos,96.43,Lisa,Lowe,F,574 David Locks Suite 207,Cottekill,NY,12419,41.8467,-74.1038,722,Comptroller,42.604925,-74.034117,0
2019-02-06 01:14,fraud_Herzog Ltd,misc_pos,110.22,Dakota,Maldonado,M,369 Cochran Radial,Pelham,NC,27311,36.4899,-79.4736,3402,Insurance underwriter,36.47337,-80.103017,0
2019-12-30 09:10,fraud_Jaskolski-Vandervort,misc_net,8.55,Justin,Bell,M,5323 Walker Island,Pittsburgh,PA,15217,40.4308,-79.9205,687276,"Scientist, marine",40.852817,-79.158401,0
2020-03-08 14:07,fraud_Hilpert-Conroy,kids_pets,140.99,Alice,Kemp,F,057 Martinez Radial,Texarkana,AR,71854,33.431,-93.8765,36438,Surgeon,33.639304,-93.496354,0
2019-11-15 13:41,fraud_Fisher Inc,shopping_net,4.11,Linda,Davis,F,6602 Ortiz Pine Apt. 179,Blooming Grove,TX,76626,32.0758,-96.701,1563,Financial adviser,32.709988,-96.092515,0
2019-12-15 17:21,fraud_Bartoletti and Sons,personal_care,27.7,Alex,White,M,874 Fred Knolls Apt. 609,Orient,NY,11957,41.1437,-72.2879,743,Video editor,41.663401,-72.757265,0
2019-08-02 07:42,fraud_Kunde-Sanford,misc_net,2.55,Linda,Davis,F,6602 Ortiz Pine Apt. 179,Blooming Grove,TX,76626,32.0758,-96.701,1563,Financial adviser,32.855144,-97.643132,0
2019-10-13 17:38,fraud_Windler LLC,kids_pets,44.76,Michael,Lee,M,7915 Dawn Roads Apt. 544,Shelter Island,NY,11964,41.064,-72.3366,1858,Clinical biochemist,40.7795,-71.867586,0
2019-08-21 19:54,"fraud_Larson, Quitzon and Spencer",travel,1.02,Becky,Mckinney,F,250 Benjamin Hill Apt. 026,Mobile,AL,36617,30.7145,-88.0918,270712,"Surveyor, land/geomatics",29.784829,-88.372738,0
2020-01-12 00:20,"fraud_Moen, Reinger and Murphy",grocery_pos,62.7,Samuel,Jenkins,M,43235 Mckenzie Views Apt. 837,Westport,KY,40077,38.4921,-85.4524,564,Pensions consultant,38.068477,-85.873877,0
2019-08-03 15:14,fraud_Berge-Ullrich,home,224.0,Kristin,Williams,F,36366 Smith Road,Miamisburg,OH,45342,39.6321,-84.2675,36784,"Investment banker, corporate",39.615847,-84.08157,0
2019-11-16 06:21,fraud_Berge LLC,gas_transport,65.18,Taylor,Khan,F,658 Diane Glen Apt. 677,North Washington,PA,16048,41.0472,-79.8089,139,Patent attorney,40.537286,-80.171866,0
2019-07-31 11:01,"fraud_Rippin, Kub and Mann",misc_net,7.43,Rick,Martinez,M,062 Poole Hollow Apt. 815,Deadwood,SD,57732,44.3566,-103.6999,1979,Multimedia programmer,44.173782,-104.154393,0
2019-09-19 17:36,fraud_Lemke and Sons,travel,140.8,James,Stephens,M,1166 Castillo Mountains,Ruckersville,VA,22968,38.2586,-78.4074,9815,"Designer, ceramics/pottery",39.037217,-78.103256,0
2019-06-19 11:01,fraud_Deckow-O'Conner,grocery_pos,111.17,Rachel,Lowe,F,372 Jeffrey Course,Sutherland,NE,69165,41.1558,-101.136,1789,Insurance broker,40.181983,-102.045139,0
2019-07-18 18:51,"fraud_Wintheiser, Dietrich and Schimmel",misc_pos,72.59,Michael,Fisher,M,401 Escobar Port,East Troy,WI,53120,42.8035,-88.4092,9679,"Engineer, production",43.105078,-88.096845,0
2019-12-29 06:44,fraud_Parisian and Sons,gas_transport,52.54,Jamie,Olson,F,3423 Michael Canyon Suite 276,River,KY,41254,37.8795,-82.7251,571,Quarry manager,37.571231,-82.649472,0
2019-05-10 20:57,fraud_Pagac LLC,shopping_pos,36.68,Mary,Pruitt,F,2819 Luke Greens Suite 563,Kansas City,MO,64114,38.9621,-94.5959,545147,Counsellor,38.408077,-95.382797,0
2019-10-23 19:20,"fraud_Lesch, D'Amore and Brown",food_dining,13.52,Michael,Rodriguez,M,172 Paula Inlet Apt. 650,Cross Plains,TX,76443,32.1482,-99.1872,1897,Chief Operating Officer,32.463751,-99.898872,0
2020-03-02 15:30,fraud_Klein Group,entertainment,101.31,Barbara,Nelson,F,7337 Browning Falls Suite 027,Valdosta,GA,31605,30.946,-83.2474,94325,Educational psychologist,30.398926,-82.560604,0
2019-08-02 11:22,"fraud_Labadie, Treutel and Bode",shopping_net,6.41,Taylor,Khan,F,658 Diane Glen Apt. 677,North Washington,PA,16048,41.0472,-79.8089,139,Patent attorney,41.811961,-79.283134,0
2019-10-15 13:15,fraud_Bednar PLC,kids_pets,32.79,Stacy,Walsh,F,324 Donna Ridge Suite 651,Cressona,PA,17929,40.6284,-76.195,1606,Ecologist,39.915891,-75.89092,0
2019-04-07 16:18,"fraud_O'Reilly, Mohr and Purdy",home,32.77,Angela,Taylor,F,6343 Ramirez Skyway Apt. 518,Lakeport,CA,95453,39.047,-122.9328,11256,Podiatrist,38.292235,-121.951403,0
2019-04-22 23:51,fraud_Kilback and Sons,entertainment,43.55,William,Skinner,M,524 Wu Spurs Suite 894,Mount Hope,AL,35651,34.4793,-87.4769,1312,"Librarian, academic",34.390346,-88.32972,0
2019-11-25 13:58,fraud_Dibbert and Sons,entertainment,7.98,Monica,Cohen,F,864 Reynolds Plains,Uledi,PA,15484,39.8936,-79.7856,328,Tree surgeon,40.828756,-78.902353,0
2019-10-17 18:00,fraud_Beier and Sons,home,83.47,Richard,Carter,M,5097 Martin Ridges,Minneapolis,MN,55403,44.9673,-93.2828,1022298,Chemical engineer,45.466735,-92.475707,0
2019-09-28 13:30,"fraud_Ritchie, Bradtke and Stiedemann",travel,7123.0,John,Hudson,M,886 Nicole Key,Stillwater,OK,74074,36.1043,-97.0609,55345,Cabin crew,36.267188,-97.912762,0
2019-06-26 18:33,"fraud_Hagenes, Hermann and Stroman",travel,1.25,Kristina,Lewis,F,5449 Brandi Heights Apt. 111,Tulsa,OK,74130,36.2395,-95.9596,413574,Bookseller,35.420834,-95.009728,0
2019-05-05 22:12,fraud_Dare-Marvin,entertainment,76.09,Jesse,Roberts,M,8415 Vaughn Squares Apt. 788,Acworth,NH,3601,43.196,-72.3001,477,Naval architect,42.475942,-73.042183,0
2019-04-28 23:33,fraud_Deckow-Dare,food_dining,27.99,Christina,Rose,F,1984 Taylor Island Suite 836,Falls Church,VA,22046,38.8856,-77.1802,116155,Chartered accountant,38.595042,-78.005973,0
2019-08-24 14:20,fraud_Breitenberg-Hermiston,kids_pets,17.81,Aaron,Pena,M,793 Hooper Tunnel Suite 154,Burke,VA,22015,38.7894,-77.2818,43102,Health visitor,37.960002,-76.385975,0
2019-08-05 02:18,fraud_Kemmer-Buckridge,misc_pos,7.42,Brian,Perez,M,78652 Scott Ports,Ashfield,MA,1330,42.5232,-72.811,1506,"Production assistant, radio",42.884682,-73.51026,0
2019-04-05 21:11,fraud_Gottlieb Group,kids_pets,114.19,Amanda,Wheeler,F,329 Emily Cape,Cape Coral,FL,33909,26.6939,-81.9452,156391,Higher education careers adviser,27.102165,-81.41416,0
2019-07-27 14:58,"fraud_Moore, Williamson and Emmerich",home,99.66,Ellen,Carrillo,F,9431 Amanda Mills,Odessa,MO,64076,38.9829,-93.9757,9512,Clinical research associate,38.78209,-94.515304,0
2019-03-17 00:04,fraud_Ankunding LLC,shopping_net,110.4,Matthew,Myers,M,4936 Michelle Points,Tower Hill,IL,62571,39.39,-88.9597,1532,Radio broadcast assistant,39.100532,-89.873671,0
2020-01-11 13:09,fraud_Beer-Jast,kids_pets,26.75,Chris,White,M,98897 Bennett Lodge,Bessemer,AL,35022,33.3224,-86.9657,71463,Radio broadcast assistant,34.192317,-87.27208,0
2019-04-07 10:46,"fraud_Rippin, Kub and Mann",misc_net,7.3,Robert,Drake,M,463 Willie Estates,Burbank,OK,74633,36.6966,-96.7869,471,Sub,36.12592,-96.226815,0
2019-03-08 07:57,"fraud_Ferry, Lynch and Kautzer",misc_net,123.56,Melissa,Meza,F,244 Abbott Parkway,Loxahatchee,FL,33470,26.7383,-80.276,26551,Paramedic,26.809333,-80.942659,0
2019-07-20 19:28,"fraud_McCullough, Hudson and Schuster",food_dining,5.13,Jacqueline,Curry,F,3047 Jeff Place,Marathon,TX,79842,30.1886,-103.2214,498,Lexicographer,29.415535,-102.602288,0
2019-09-24 22:02,fraud_Padberg-Rogahn,entertainment,64.8,Whitney,Gallagher,F,0374 Courtney Islands Apt. 400,Deane,KY,41812,37.2409,-82.7696,230,"Conservation officer, historic buildings",37.333091,-83.624333,0
2020-02-01 14:59,fraud_Lemke-Gutmann,shopping_net,2.14,Valerie,Davis,F,3861 Anderson Ramp Apt. 536,Drakes Branch,VA,23937,36.9688,-78.5615,1970,Energy engineer,36.357363,-78.250741,0
2019-10-08 08:29,fraud_Spinka Inc,grocery_net,85.8,Melissa,Brown,F,330 Montoya Ramp,Washington,DC,20036,38.9087,-77.0414,601723,Prison officer,38.593407,-76.153228,0
2019-12-14 21:31,"fraud_Zboncak, Rowe and Murazik",shopping_net,170.73,Lauren,Butler,F,030 Seth Divide Suite 355,Tulsa,OK,74131,36.0557,-96.0602,413574,"Teacher, special educational needs",36.844949,-95.359917,0
2019-05-29 15:23,fraud_Beer-Jast,kids_pets,260.52,Susan,Hardy,F,516 Brown Parks,Manistique,MI,49854,46.0062,-86.2555,6469,Trade mark attorney,45.350801,-85.833509,0
2020-02-09 07:49,fraud_Medhurst PLC,shopping_net,5.76,Denise,Barnett,F,23220 Eaton Harbors,Kirby,OH,43330,40.813,-83.4196,118,Private music teacher,40.74465,-82.602977,0
2019-03-04 01:20,fraud_Huels-Hahn,gas_transport,49.48,Martin,Ford,M,56812 Francis Courts,Corriganville,MD,21524,39.6967,-78.8031,626,Energy engineer,39.261451,-79.669702,0
2019-08-31 10:39,fraud_Marks Inc,gas_transport,80.67,Christian,Johns,M,892 Solis Neck,Lonsdale,MN,55046,44.4477,-93.4252,5211,Chief Strategy Officer,44.944776,-93.837425,0
2019-10-03 13:45,"fraud_Bahringer, Schoen and Corkery",shopping_pos,9.78,Robert,Evans,M,01892 Patricia Vista Apt. 828,Sachse,TX,75048,32.9643,-96.6012,20328,Site engineer,32.730666,-95.622563,0
2020-01-21 11:15,fraud_Boyer PLC,misc_pos,103.85,Alan,Taylor,M,560 Molina Path,Oakdale,NY,11769,40.7382,-73.1297,9506,"Biochemist, clinical",39.839566,-73.017649,0
2019-05-20 00:28,fraud_Friesen-D'Amore,gas_transport,75.03,Adam,Mcdonald,M,997 Cameron Meadow Apt. 980,South Hero,VT,5486,44.64,-73.3113,1654,Transport planner,44.509103,-72.487679,0
2019-04-14 17:22,"fraud_Bradtke, Torp and Bahringer",personal_care,27.66,Shannon,Patterson,F,9808 Ellis Bypass,Mount Morris,NY,14510,42.6835,-77.8664,4895,Acupuncturist,42.088055,-77.690318,0
2019-01-20 17:45,fraud_Reichel LLC,personal_care,25.98,Theresa,Blackwell,F,43576 Kristina Islands,Shenandoah Junction,WV,25442,39.3716,-77.8229,1925,Systems developer,38.527943,-78.444249,0
2019-04-14 08:13,fraud_Schmitt Inc,gas_transport,64.55,Marissa,Powell,F,474 Allen Haven,North Loup,NE,68859,41.4972,-98.7858,509,"Nurse, children's",41.635533,-99.517764,0
2019-07-14 03:31,"fraud_Schmeler, Bashirian and Price",shopping_net,678.25,Christine,Johnson,F,8011 Chapman Tunnel Apt. 568,Blairsden-Graeagle,CA,96103,39.8127,-120.6405,1725,Chartered legal executive (England and Wales),39.981698,-119.732995,0
2019-02-10 10:13,fraud_Hintz-Bruen,grocery_net,35.3,Lindsay,Wilson,F,7618 Gonzales Mission,Centerview,MO,64019,38.7897,-93.8702,2368,Electronics engineer,39.527102,-94.578022,0